id,directors,rate,title,casts,year,types,country,lang,time,movieTime,commentLen,star
2031,"安德鲁·斯坦顿,麦肯纳·哈里斯",8.1,玩具总动员5,"汤姆·汉克斯,蒂姆·艾伦,琼·库萨克,格蕾塔·李,基努·里维斯",2026,"剧情,喜剧,动画,奇幻,冒险",美国,英语,2026-06-19,102,55997,"30.5%,45.5%,21.7%,2.0%,0.2%"
2032,洪忠灿,8.8,铁拳教育,"金武烈,李星民,秦基周,表志勋,贺营",2026,"剧情,动作",韩国,韩语,2026-06-05,77,110714,"53.2%,34.9%,9.5%,1.3%,1.0%"
2033,谷垣健治,7.9,火遮眼,"谢苗,林科灯,杨恩又,黎唯,雅彦·鲁伊安",2025,"动作,犯罪","中国香港,中国大陆","汉语普通话,英语,菲律宾语,印尼语,中国手语,泰语",2026-06-11,113,107929,"29.3%,44.4%,21.6%,3.7%,1.1%"
2034,袁和平,7.5,镖人：风起大漠,"吴京,谢霆锋,于适,陈丽君,孙艺洲",2026,"动作,武侠,古装",中国大陆,汉语普通话,2026-02-17,126,416121,"20.1%,43.6%,29.1%,5.4%,1.7%"
2035,冯小刚,7.5,抓特务,"雷佳音,胡歌,啜妮,张瑶,林晓凡",2026,剧情,中国大陆,汉语普通话,2026-06-19,141,43016,"19.0%,46.0%,29.4%,4.1%,1.5%"
2036,蓝鸿春,9.3,给阿嬷的情书,"李思潼,王彦桐,吴少卿,郑润奇,王晓慧",2026,"剧情,家庭",中国大陆,"潮汕话,汉语普通话,泰语,英语",2026-04-30,118,874791,"69.9%,25.3%,3.9%,0.6%,0.2%"
2037,安东尼·马拉斯,8.2,诺曼底72小时,"安德鲁·斯科特,布兰登·费舍,凯瑞·康顿,克里斯·梅西纳,戴米恩·路易斯",2026,"剧情,历史,战争","英国,法国,美国",英语,2026-06-06,100,43879,"27.7%,54.3%,16.7%,1.1%,0.2%"
2038,西尔弗·特里,8.4,校园之外 第一季,"艾拉·布赖特,贝尔蒙特·卡梅利,米卡·阿卜杜拉,斯蒂芬·卡林,杰伦·托马斯·布鲁克斯",2026,"剧情,爱情,运动",美国,英语,2026-05-13,37,71888,"41.8%,40.6%,14.8%,2.1%,0.7%"
2039,史蒂文·斯皮尔伯格,6.5,揭秘日,"艾米莉·布朗特,乔什·奥康纳,科林·费尔斯,伊芙·休森,科尔曼·多明戈",2026,"剧情,科幻,惊悚","美国,加拿大,新西兰,日本",英语,2026-06-12,146,40059,"11.7%,27.8%,38.9%,16.4%,5.1%"
2040,刘海波,8.2,低智商犯罪,"王骁,田曦薇,王传君,朱云峰,张瑞涵",2026,"剧情,犯罪",中国大陆,汉语普通话,2026-05-04,49,190706,"33.6%,47.3%,15.5%,2.4%,1.2%"
2041,李少飞,8.1,主角,"张嘉益,刘浩存,秦海璐,窦骁,翟子路",2026,剧情,中国大陆,汉语普通话,2026-05-10,45,121095,"37.7%,39.6%,15.9%,4.0%,2.8%"
2042,肖麓西,6.3,我的妈耶,"马思纯,白客,黄明昊,孙阳,梁靖康",2026,"剧情,喜剧,家庭",中国大陆,汉语普通话,2026-04-03,121,35491,"10.5%,23.4%,42.2%,17.0%,7.0%"
2043,刘洪源,7.0,雨霖铃,"杨洋,章若楠,方逸伦,张予曦,岳旸",2026,"剧情,武侠,古装",中国大陆,汉语普通话,2026-05-13,96,90534,"21.4%,29.2%,33.2%,11.7%,4.6%"
2044,杨荔钠,8.1,我，许可,"文淇,秦海璐,白客,李雪琴,牛莉",2026,"剧情,喜剧",中国大陆,汉语普通话,2026-04-03,118,287228,"37.0%,38.7%,19.1%,3.8%,1.4%"
2045,杨龙,5.1,翘楚,"陈都灵,周翊然,唐晓天,王瑞昌,吴施乐",2026,剧情,中国大陆,汉语普通话,2026-06-02,91,50018,"10.2%,11.1%,22.5%,34.0%,22.2%"
2046,尹佳恩,9.0,世界的主人,"徐粹彬,张慧珍,金郑植,姜彩允,李宰锡",2025,剧情,韩国,韩语,2025-09-07,119,132549,"61.8%,30.2%,6.7%,0.8%,0.4%"
2047,祝东宁,5.9,耀眼,"关晓彤,李昀锐,高露,鲍起静,毛俊杰",2026,"剧情,爱情",中国大陆,汉语普通话,2026-05-27,42,48628,"13.4%,18.2%,32.7%,21.6%,14.1%"
2048,弗兰克·德拉邦特,9.7,肖申克的救赎,"蒂姆·罗宾斯,摩根·弗里曼,鲍勃·冈顿,威廉·赛德勒,克兰西·布朗",1994,"剧情,犯罪",美国,英语,1994-09-10,142,3298312,"85.5%,12.9%,1.3%,0.1%,0.1%"
2049,"菲尔·罗德,克里斯托弗·米勒",8.6,挽救计划,"瑞恩·高斯林,桑德拉·惠勒,詹姆斯·奥尔蒂斯,莱昂内尔·博伊斯,梁振邦",2026,"剧情,科幻,惊悚",美国,英语,2026-03-20,156,478453,"45.6%,40.1%,12.4%,1.5%,0.4%"
2050,张艺谋,5.8,惊蛰无声,"易烊千玺,朱一龙,宋佳,雷佳音,杨幂",2026,"剧情,犯罪",中国大陆,汉语普通话,2026-02-17,104,284036,"6.8%,16.9%,42.4%,24.5%,9.2%"
2051,"拜伦·霍华德,瑞奇·摩尔,杰拉德·布什",9.3,疯狂动物城,"金妮弗·古德温,杰森·贝特曼,伊德瑞斯·艾尔巴,珍妮·斯蕾特,内特·托伦斯",2016,"喜剧,动画,冒险",美国,"英语,挪威语",2016-03-04,109,2332126,"67.6%,27.9%,4.2%,0.2%,0.1%"
2052,韩寒,7.1,飞驰人生3,"沈腾,尹正,黄景瑜,张本煜,魏翔",2026,"剧情,喜剧,运动",中国大陆,汉语普通话,2026-02-17,126,462021,"14.4%,38.8%,37.6%,7.1%,2.1%"
2053,"村井浩,安德鲁·德扬,塞缪尔·多诺万,缇·威斯特",7.8,寡妇湾 第一季,"马修·瑞斯,凯特·奥弗林,斯蒂芬·鲁特,金斯顿·鲁米·索斯威克,凯文·卡罗尔",2026,"剧情,喜剧,恐怖",美国,英语,2026-04-29,69,8583,"24.9%,46.0%,23.6%,4.0%,1.4%"
2054,"惠楷栋,王成欣",7.3,家业,"杨紫,韩东君,吴冕,田小洁,徐百慧",2026,"剧情,古装",中国大陆,汉语普通话,2026-05-17,95,162595,"23.7%,36.5%,26.0%,10.0%,3.8%"
2055,宫崎骏,9.4,千与千寻,"柊瑠美,入野自由,夏木真理,菅原文太,中村彰男",2001,"剧情,动画,奇幻",日本,日语,2019-06-21,125,2547915,"73.6%,22.8%,3.3%,0.2%,0.1%"
2056,"杰拉德·布什,拜伦·霍华德",8.3,疯狂动物城2,"金妮弗·古德温,杰森·贝特曼,关继威,福琼·费姆斯特,安迪·萨姆伯格",2025,"喜剧,动画,悬疑,犯罪,冒险",美国,英语,2025-11-26,108,795715,"35.3%,45.0%,18.1%,1.4%,0.2%"
2057,"李·昂克里奇,阿德里安·莫利纳",9.1,寻梦环游记,"安东尼·冈萨雷斯,盖尔·加西亚·贝纳尔,本杰明·布拉特,阿兰娜·乌巴赫,芮妮·维克托",2017,"喜剧,动画,音乐,奇幻",美国,"英语,西班牙语",2017-11-24,105,2001479,"62.9%,29.9%,6.7%,0.4%,0.2%"
2058,"铃木理人,森葵",8.2,躲在超市后门抽烟的两人,"佐藤拓也,星希成奏,行成桃姬,丰口惠美,安田陆矢",2026,"剧情,爱情,动画",日本,日语,2026-06-03,60,11342,"41.3%,36.0%,17.7%,3.1%,2.0%"
2059,"邢键钧,路云飞",5.8,迷墙,"郭京飞,任素汐,谷嘉诚,漆昱辰,温峥嵘",2026,"剧情,犯罪",中国大陆,汉语普通话,2026-06-07,78,10422,"15.3%,15.6%,28.1%,22.9%,18.1%"
2060,詹姆斯·卡梅隆,9.5,泰坦尼克号,"莱昂纳多·迪卡普里奥,凯特·温斯莱特,比利·赞恩,凯西·贝茨,弗兰西丝·费舍",1997,"剧情,爱情,灾难",美国,"英语,意大利语,德语,俄语",1998-04-03,194,2509629,"76.9%,19.9%,2.9%,0.2%,0.1%"
2061,彼得·威尔,9.4,楚门的世界,"金·凯瑞,劳拉·琳妮,艾德·哈里斯,诺亚·艾默里奇,娜塔莎·麦克艾霍恩",1998,"剧情,科幻",美国,英语,1998-06-05,103,2029508,"72.6%,23.8%,3.3%,0.2%,0.1%"
2062,许承杰,7.4,双喜,"刘冠廷,余香凝,杨贵媚,田启文,庹宗华",2025,"剧情,喜剧,爱情",中国台湾,"汉语普通话,粤语,闽南语,日语",2026-02-17,129,7811,"16.7%,44.8%,33.2%,4.3%,1.0%"
2063,韩泰燮,7.2,我的王室死对头,"林智妍,许南俊,张胜祖,李世熙,金玟锡",2026,"喜剧,爱情,奇幻",韩国,韩语,2026-05-08,92,12452,"24.6%,29.6%,31.7%,10.7%,3.4%"
2064,赵南亨,7.8,菜鸟炊事兵,"朴志训,尹敬浩,韩东希,李洪耐,郑雄仁",2026,"喜剧,奇幻",韩国,韩语,2026-05-11,45,7486,"26.5%,44.4%,24.7%,3.2%,1.2%"
2065,克里斯托弗·诺兰,9.4,星际穿越,"马修·麦康纳,安妮·海瑟薇,杰西卡·查斯坦,麦肯吉·弗依,卡西·阿弗莱克",2014,"剧情,科幻,冒险","美国,英国,加拿大",英语,2014-11-12,169,2196093,"76.1%,19.8%,3.6%,0.3%,0.2%"
2066,,9.6,克拉克森的农场 第五季,"杰里米·克拉克森,凯勒布·库珀,丽莎·霍根",2026,"喜剧,纪录片,真人秀",英国,英语,2026-06-03,38,6038,"83.6%,14.1%,1.9%,0.2%,0.1%"
2067,饺子,8.4,哪吒之魔童闹海,"吕艳婷,囧森瑟夫,瀚墨,陈浩,绿绮",2025,"剧情,喜剧,动画,奇幻",中国大陆,汉语普通话,2025-01-29,144,1548391,"46.3%,34.1%,14.7%,3.2%,1.7%"
2068,罗伯特·泽米吉斯,9.5,阿甘正传,"汤姆·汉克斯,罗宾·怀特,加里·辛尼斯,麦凯尔泰·威廉逊,莎莉·菲尔德",1994,"剧情,爱情",美国,英语,1994-06-23,142,2439449,"76.7%,20.0%,2.9%,0.2%,0.1%"
2069,文牧野,9.0,我不是药神,"徐峥,王传君,周一围,谭卓,章宇",2018,"剧情,喜剧",中国大陆,"汉语普通话,英语,上海话,印地语",2018-07-05,117,2360174,"58.8%,33.7%,6.8%,0.5%,0.2%"
2070,吕克·贝松,9.4,这个杀手不太冷,"让·雷诺,娜塔莉·波特曼,加里·奥德曼,丹尼·爱罗,彼得·阿佩尔",1994,"剧情,动作,犯罪","法国,美国","英语,意大利语,法语",2024-11-01,133,2560521,"72.8%,23.0%,3.7%,0.3%,0.2%"
2071,罗伯·莱纳,9.1,怦然心动,"玛德琳·卡罗尔,卡兰·麦克奥利菲,瑞贝卡·德·莫妮,安东尼·爱德华兹,约翰·马奥尼",2010,"剧情,喜剧,爱情",美国,英语,2010-07-26,90,2059844,"61.9%,30.3%,7.0%,0.6%,0.2%"
2072,陈凯歌,9.6,霸王别姬,"张国荣,张丰毅,巩俐,葛优,英达",1993,"剧情,爱情,同性","中国大陆,中国香港",汉语普通话,1993-07-26,171,2433911,"82.4%,15.3%,2.0%,0.2%,0.2%"
2073,巨兴茂,7.3,灵魂摆渡·十年,"于毅,刘智扬,肖茵,许佳琪,姜馥颐",2026,"悬疑,惊悚,短片,奇幻,冒险",中国大陆,汉语普通话,2026-06-02,57,16664,"21.7%,34.6%,33.0%,8.3%,2.4%"
2074,饺子,8.4,哪吒之魔童降世,"吕艳婷,囧森瑟夫,瀚墨,陈浩,绿绮",2019,"剧情,喜剧,动画,奇幻",中国大陆,汉语普通话,2019-07-26,110,2084160,"41.8%,39.1%,15.9%,2.3%,0.9%"
2075,克里斯托弗·诺兰,9.4,盗梦空间,"莱昂纳多·迪卡普里奥,约瑟夫·高登-莱维特,艾利奥特·佩吉,汤姆·哈迪,渡边谦",2010,"剧情,科幻,悬疑,冒险","美国,英国","英语,日语,法语",2010-09-01,148,2334501,"72.8%,23.3%,3.5%,0.2%,0.1%"
2076,杨子,8.0,捕风追影,"成龙,张子枫,梁家辉,此沙,文俊辉",2025,"剧情,动作,犯罪","中国大陆,中国香港",汉语普通话,2025-08-16,141,583269,"27.3%,48.1%,21.1%,2.8%,0.7%"
2077,克里斯·哥伦布,9.2,哈利·波特与魔法石,"丹尼尔·雷德克里夫,艾玛·沃森,鲁伯特·格林特,艾伦·瑞克曼,玛吉·史密斯",2001,"奇幻,冒险","美国,英国",英语,2002-01-26,152,1430701,"66.2%,27.8%,5.5%,0.3%,0.1%"
2078,於水,8.5,浪浪山小妖怪,"陈子平,路扬,董汶亮,刘琮,林强",2025,"剧情,喜剧,动画,奇幻",中国大陆,汉语普通话,2025-08-02,118,684380,"44.3%,40.7%,13.0%,1.3%,0.8%"
2079,彼得·法雷里,8.9,绿皮书,"维果·莫腾森,马赫沙拉·阿里,琳达·卡德里尼,塞巴斯蒂安·马尼斯科,迪米特·D·马里诺夫",2018,"剧情,喜剧,音乐,传记","美国,中国大陆","英语,意大利语,俄语,德语",2019-03-01,130,1902614,"55.3%,37.0%,7.1%,0.4%,0.1%"
2080,库里·巴克,7.7,痴迷,"迈克尔·约翰斯顿,印达·纳瓦雷特,库珀·汤姆林森,梅根·劳利斯,安迪·里克特",2025,恐怖,美国,英语,2025-09-05,108,13143,"24.9%,42.6%,26.3%,4.8%,1.5%"
2081,"泷本智行,大庭功睦",8.2,地狱占星师,"户田惠梨香,伊藤沙莉,三浦透子,奥野瑛太,田村健太郎",2026,"剧情,传记",日本,日语,2026-04-27,44,35112,"31.5%,48.6%,17.2%,1.9%,0.8%"
2082,涅提·蒂瓦里,9.0,摔跤吧！爸爸,"阿米尔·汗,法缇玛·萨那·纱卡,桑亚·玛荷塔,阿帕尔夏克提·库拉那,沙克希·坦沃",2016,"剧情,家庭,传记,运动",印度,"印地语,英语",2017-05-05,161,1753449,"59.4%,33.1%,6.9%,0.5%,0.2%"
2083,约翰·拉塞特,8.6,玩具总动员,"汤姆·汉克斯,蒂姆·艾伦,唐·里克斯,吉姆·法尼,华莱士·肖恩",1995,"喜剧,动画,家庭",美国,英语,1995-11-22,81,438048,"44.3%,43.9%,11.2%,0.5%,0.1%"
2084,克里斯托弗·诺兰,8.7,记忆碎片,"盖·皮尔斯,凯瑞-安·莫斯,乔·潘托里亚诺,小马克·布恩,拉什·费加",2000,"剧情,悬疑,惊悚,犯罪",美国,英语,2026-05-29,114,709991,"47.0%,41.3%,10.4%,0.9%,0.3%"
2085,新海诚,8.5,你的名字。,"神木隆之介,上白石萌音,长泽雅美,市原悦子,成田凌",2016,"剧情,爱情,动画",日本,日语,2016-12-02,106,1606169,"43.6%,38.7%,15.8%,1.6%,0.4%"
2086,拉吉库马尔·希拉尼,9.2,三傻大闹宝莱坞,"阿米尔·汗,卡琳娜·卡普尔,马达范,沙尔曼·乔希,奥米·瓦依达",2009,"剧情,喜剧,爱情,歌舞",印度,"印地语,乌尔都语,英语",2011-12-08,171,2086333,"68.9%,25.4%,5.0%,0.5%,0.2%"
2087,"彼特·道格特,鲍勃·彼德森",9.1,飞屋环游记,"爱德华·阿斯纳,克里斯托弗·普卢默,乔丹·长井,鲍勃·彼德森,德尔罗伊·林多",2009,"剧情,喜剧,动画,冒险",美国,英语,2009-08-04,96,1508008,"61.4%,32.0%,6.2%,0.3%,0.1%"
2088,宫崎骏,9.1,哈尔的移动城堡,"倍赏千惠子,木村拓哉,美轮明宏,我修院达也,神木隆之介",2004,"爱情,动画,奇幻,冒险",日本,日语,2024-04-30,119,1299298,"63.7%,29.0%,6.5%,0.5%,0.2%"
2089,陈烨,8.1,一人之下 第六季,"曹云图,小连杀,藤新,图特哈蒙,高增志",2026,"动作,动画",中国大陆,汉语普通话,2026-01-02,46,9715,"33.9%,42.6%,18.5%,3.5%,1.5%"
2090,姜文,9.0,让子弹飞,"姜文,葛优,周润发,刘嘉玲,陈坤",2010,"剧情,喜剧,动作,西部","中国大陆,中国香港","汉语普通话,四川话,山西话",2010-12-16,132,1928369,"61.2%,30.2%,7.6%,0.7%,0.3%"
2091,李·昂克里奇,8.9,玩具总动员3,"汤姆·汉克斯,蒂姆·艾伦,琼·库萨克,尼德·巴蒂,唐·里克斯",2010,"喜剧,动画,奇幻,冒险",美国,"英语,西班牙语",2010-06-16,103,601291,"56.0%,35.0%,8.5%,0.4%,0.1%"
2092,陈玉勋,8.0,大濛,"方郁婷,柯炜林,汤毓绮,曾敬骅,陈以文",2025,剧情,中国台湾,"汉语普通话,闽南语,粤语",2025-11-27,134,14205,"28.7%,48.2%,20.0%,2.4%,0.6%"
2093,大鹏,7.5,长安的荔枝,"大鹏,白客,庄达菲,刘俊谦,刘德华",2025,"剧情,喜剧,古装",中国大陆,"汉语普通话,粤语",2025-07-18,122,513675,"16.5%,45.9%,32.7%,4.2%,0.8%"
2094,安德鲁·斯坦顿,9.3,机器人总动员,"本·贝尔特,艾丽莎·奈特,杰夫·格尔林,佛莱德·威拉特,西格妮·韦弗",2008,"科幻,动画,冒险",美国,英语,2008-06-27,98,1500394,"71.8%,23.8%,4.0%,0.2%,0.1%"
2095,朱塞佩·托纳多雷,9.3,海上钢琴师,"蒂姆·罗斯,普路特·泰勒·文斯,比尔·努恩,克兰伦斯·威廉姆斯三世,梅兰尼·蒂埃里",1998,"剧情,音乐",意大利,"英语,法语,意大利语",2019-11-15,120,1886451,"70.9%,24.0%,4.5%,0.4%,0.2%"
2096,郭帆,7.9,流浪地球,"吴京,屈楚萧,李光洁,吴孟达,赵今麦",2019,"科幻,冒险,灾难",中国大陆,"汉语普通话,英语,俄语,法语,日语,韩语,印尼语",2019-02-05,125,2049672,"34.5%,36.3%,21.7%,4.9%,2.6%"
2097,加布里埃莱·穆奇诺,9.1,当幸福来敲门,"威尔·史密斯,贾登·史密斯,坦迪·牛顿,布莱恩·豪威 ,詹姆斯·凯伦",2006,"剧情,家庭,传记",美国,"英语,粤语",2008-01-17,117,1694697,"64.4%,29.0%,5.9%,0.5%,0.2%"
2098,"约翰·拉塞特,艾什·布兰农,李·昂克里奇",8.5,玩具总动员2,"汤姆·汉克斯,蒂姆·艾伦,琼·库萨克,凯尔塞·格拉玛,唐·里克斯",1999,"喜剧,动画,奇幻,冒险",美国,英语,1999-11-24,92,296729,"40.8%,46.6%,12.1%,0.5%,0.1%"
2099,詹姆斯·卡梅隆,8.8,阿凡达,"萨姆·沃辛顿,佐伊·索尔达娜,西格妮·韦弗,史蒂芬·朗,米歇尔·罗德里格兹",2009,"动作,科幻,冒险",美国,"英语,西班牙语",2010-01-04,162,1593193,"54.3%,34.7%,9.9%,0.8%,0.3%"
2100,程亮,5.9,天才游戏,"彭昱畅,丁禹兮,李蔓瑄,邓恩熙,侯雯元",2026,"悬疑,犯罪",中国大陆,汉语普通话,2026-04-04,96,55701,"9.2%,15.1%,44.1%,23.3%,8.3%"
2101,乔什·库雷,8.5,玩具总动员4,"汤姆·汉克斯,蒂姆·艾伦,安妮·波茨,托尼·海尔,科甘-迈克尔·凯",2019,"喜剧,动画,奇幻",美国,英语,2019-06-21,100,380543,"39.9%,44.5%,14.5%,1.0%,0.1%"
2102,刘镇伟,9.2,大话西游之大圣娶亲,"周星驰,吴孟达,朱茵,蔡少芬,蓝洁瑛",1995,"喜剧,爱情,奇幻,古装","中国香港,中国大陆","粤语,汉语普通话",2014-10-24,95,1715897,"66.8%,26.3%,6.0%,0.6%,0.3%"
2103,周星驰,8.9,功夫,"周星驰,元秋,元华,黄圣依,梁小龙",2004,"喜剧,动作,犯罪,奇幻","中国大陆,中国香港","粤语,汉语普通话,手语",2004-12-23,100,1345343,"56.0%,33.3%,9.8%,0.8%,0.2%"
2104,宫崎骏,9.2,龙猫,"日高范子,坂本千夏,糸井重里,岛本须美,北林谷荣",1988,"动画,奇幻,冒险",日本,日语,2018-12-14,86,1416913,"64.4%,29.5%,5.8%,0.2%,0.1%"
2105,"刘伟强,麦兆辉",9.3,无间道,"刘德华,梁朝伟,黄秋生,曾志伟,陈慧琳",2002,"剧情,惊悚,犯罪",中国香港,粤语,2003-09-05,101,1572610,"69.7%,26.3%,3.8%,0.2%,0.1%"
2106,管虎,6.6,一个男人和一个女人,"黄渤,倪妮,周汉宁,鲍起静,颜卓灵",2024,剧情,"中国大陆,中国香港","汉语普通话,粤语",2026-05-16,113,23344,"10.5%,29.4%,42.1%,14.0%,4.1%"
2107,克里斯托夫·巴哈蒂,9.3,放牛班的春天,"让-巴蒂斯特·莫尼耶,热拉尔·朱尼奥,弗朗索瓦·贝莱昂,凯德·麦拉德,让-保罗·博奈雷",2004,"剧情,音乐","法国,瑞士,德国",法语,2004-10-16,97,1479644,"71.0%,25.2%,3.6%,0.2%,0.1%"
2108,延尚昊,8.6,釜山行,"孔刘,郑裕美,马东锡,金秀安,金义城",2016,"动作,惊悚,灾难",韩国,韩语,2016-05-13,118,1360940,"44.1%,43.9%,10.9%,0.8%,0.3%"
2109,申奥,8.7,南京照相馆,"刘昊然,王传君,高叶,王骁,周游",2025,"剧情,历史,战争",中国大陆,"汉语普通话,日语,南京话",2025-07-25,137,574248,"51.7%,36.0%,10.4%,1.2%,0.7%"
2110,刘镇伟,9.0,大话西游之月光宝盒,"周星驰,吴孟达,罗家英,蓝洁瑛,莫文蔚",1995,"喜剧,爱情,奇幻,古装","中国香港,中国大陆","粤语,汉语普通话",2014-10-24,88,1371711,"60.5%,31.2%,7.4%,0.6%,0.3%"
2111,友塔纳·罗潘派布尔,9.5,绘梦婚礼,"邝玲玲,珙恩娜帕·瑟塔拉塔那彭,阿披南·普拉瑟瓦塔纳坤,纳茹蒙·彭素帕普,图查蓬·库旺博迪特",2026,"剧情,爱情,同性",泰国,泰语Thai,2026-06-19,76,4385,"88.7%,4.5%,3.2%,1.2%,2.3%"
2112,"皮埃尔·柯芬,克里斯·雷纳德",8.7,神偷奶爸,"史蒂夫·卡瑞尔,杰森·席格尔,拉塞尔·布兰德,朱莉·安德鲁斯,威尔·阿奈特",2010,"喜剧,动画,冒险","美国,法国",英语,2010-06-20,95,1054331,"45.6%,43.2%,10.5%,0.5%,0.1%"
2113,贾玲,7.7,你好，李焕英,"贾玲,张小斐,沈腾,陈赫,刘佳",2021,"剧情,喜剧,奇幻",中国大陆,汉语普通话,2021-02-12,128,1565072,"23.5%,44.6%,27.3%,3.7%,0.9%"
2114,"奥利维埃·纳卡什,埃里克·托莱达诺",9.3,触不可及,"弗朗索瓦·克鲁塞,奥玛·希,安娜·勒尼,奥德雷·弗勒罗,约瑟芬娜·德·摩",2011,"剧情,喜剧",法国,法语,2011-11-02,112,1302017,"68.7%,26.7%,4.2%,0.3%,0.1%"
2115,"露西亚·安尼洛,保罗·当斯",9.6,绝望写手 第五季,"珍·斯玛特,汉娜·爱宾德,保罗·当斯,梅根·斯塔尔特,卡尔·克莱蒙斯-霍普金斯",2026,"剧情,喜剧",美国,英语,2026-04-09,74,16825,"85.0%,11.9%,2.6%,0.3%,0.1%"
2116,李力持,8.8,唐伯虎点秋香,"周星驰,巩俐,陈百祥,郑佩佩,朱咪咪",1993,"喜剧,爱情,古装",中国香港,粤语,1993-07-01,102,1232871,"49.3%,40.0%,10.0%,0.6%,0.1%"
2117,史蒂文·斯皮尔伯格,8.6,头号玩家,"泰伊·谢里丹,奥利维亚·库克,本·门德尔森,马克·里朗斯,丽娜·维特",2018,"动作,科幻,冒险",美国,"英语,日语,汉语普通话",2018-03-30,140,1528288,"48.1%,38.1%,12.1%,1.3%,0.4%"
2118,史蒂文·斯皮尔伯格,9.1,猫鼠游戏,"莱昂纳多·迪卡普里奥,汤姆·汉克斯,克里斯托弗·沃肯,马丁·辛,艾米·亚当斯",2002,"剧情,传记,犯罪","美国,加拿大","英语,法语",2003-04-11,141,1218340,"61.5%,33.1%,5.1%,0.3%,0.1%"
2119,邵艺辉,8.9,好东西,"宋佳,钟楚曦,曾慕梅,章宇,赵又廷",2024,"剧情,爱情",中国大陆,汉语普通话,2024-11-22,123,1229827,"60.4%,28.3%,8.9%,1.4%,1.0%"
2120,黄精甫,8.1,周处除三害,"阮经天,袁富华,陈以文,王净,谢琼煖",2023,"动作,犯罪",中国台湾,"汉语普通话,闽南语,粤语",2024-03-01,134,1189756,"29.5%,49.8%,18.4%,1.8%,0.5%"
2121,"闫非,彭大魔",7.9,夏洛特烦恼,"沈腾,马丽,尹正,艾伦,王智",2015,"喜剧,爱情",中国大陆,汉语普通话,2015-09-30,104,1129091,"29.7%,42.1%,22.5%,4.0%,1.7%"
2122,刘仁植,7.2,超能路人甲,"朴恩斌,车银优,崔大勋,林成宰,金海淑",2026,"剧情,喜剧,动作,科幻,冒险",韩国,韩语,2026-05-15,88,25398,"16.9%,36.1%,37.9%,7.1%,2.0%"
2123,杨阳,7.5,凡人修仙传,"杨洋,金晨,汪铎,赵小棠,赵晴",2025,"奇幻,古装",中国大陆,汉语普通话,2025-07-27,53,137407,"25.4%,39.8%,24.8%,6.8%,3.2%"
2124,"梁旋,张春",7.0,大鱼海棠,"季冠霖,苏尚卿,许魏洲,金士杰,杨婷",2016,"剧情,动画,奇幻",中国大陆,汉语普通话,2016-07-08,105,631741,"18.1%,32.2%,35.3%,10.2%,4.1%"
2125,"克里斯·巴克,珍妮弗·李",8.5,冰雪奇缘,"克里斯汀·贝尔,伊迪娜·门泽尔,乔纳森·格罗夫,乔什·加德,圣蒂诺·方塔纳",2013,"喜剧,动画,歌舞,奇幻",美国,"英语,冰岛语",2014-02-05,102,842547,"40.8%,45.2%,13.1%,0.8%,0.2%"
2126,"唐·霍尔,克里斯·威廉姆斯",8.8,超能陆战队,"斯科特·安第斯,瑞恩·波特,丹尼尔·海尼,T·J·米勒,郑智麟",2014,"喜剧,动作,科幻,动画,冒险",美国,英语,2015-02-28,102,1153744,"49.4%,40.1%,9.8%,0.6%,0.1%"
2127,李安,9.1,少年派的奇幻漂流,"苏拉·沙玛,伊尔凡·可汗,拉菲·斯波,阿迪勒·侯赛因,塔布",2012,"剧情,奇幻,冒险","美国,中国台湾,英国,加拿大","英语,泰米尔语,法语,日语,印地语,汉语普通话",2012-11-22,127,1495131,"61.6%,31.3%,6.5%,0.5%,0.2%"
2128,"闫非,彭大魔",7.1,抓娃娃,"沈腾,马丽,史彭元,萨日娜,肖帛辰",2024,喜剧,中国大陆,"汉语普通话,英语",2024-07-16,133,845503,"13.9%,40.2%,36.4%,7.2%,2.3%"
2129,克里斯·哥伦布,8.9,哈利·波特与密室,"丹尼尔·雷德克里夫,艾玛·沃森,鲁伯特·格林特,汤姆·费尔顿,理查德·格雷弗斯",2002,"奇幻,冒险","英国,美国",英语,2003-01-24,161,923749,"54.6%,36.4%,8.4%,0.4%,0.1%"
2130,安东尼·福奎阿,7.5,迈克尔·杰克逊：巨星之路,"贾法尔·杰克逊,尼娅·朗,朱利亚诺·瓦尔迪,科尔曼·多明戈,迈尔斯·特勒",2026,"剧情,音乐,传记",美国,英语,2026-04-24,128,54131,"22.9%,37.4%,32.5%,6.3%,1.0%"
2131,保罗·费格,7.1,家弑服务,"西德尼·斯维尼,阿曼达·塞弗里德,布兰登·斯克莱纳,米凯莱·莫罗尼,伊丽莎白·珀金斯",2025,"剧情,悬疑,惊悚",美国,英语,2026-05-29,131,94908,"12.8%,38.5%,41.3%,6.3%,1.2%"
2132,郭帆,8.3,流浪地球2,"吴京,刘德华,李雪健,沙溢,宁理",2023,"科幻,冒险,灾难",中国大陆,"汉语普通话,俄语,英语,印地语,法语,葡萄牙语,日语,韩语,泰语,南非荷兰语",2023-01-22,173,1418523,"44.1%,34.4%,16.4%,3.5%,1.6%"
2133,盖·里奇,6.1,金谍行动,"亨利·卡维尔,杰克·吉伦哈尔,艾莎·冈萨雷斯,卡洛斯·巴登,迈克尔·武",2026,"剧情,动作,惊悚","英国,美国",英语,2026-06-20,98,6053,"6.3%,19.7%,51.0%,18.6%,4.3%"
2134,车荣勋,8.7,努力克服自卑的我们,"具教焕,高允贞,吴正世,姜末琴,朴解浚",2026,剧情,韩国,韩语,2026-04-18,51,21112,"54.9%,29.7%,10.6%,2.8%,2.0%"
2135,罗伯托·贝尼尼,9.5,美丽人生,"罗伯托·贝尼尼,尼可莱塔·布拉斯基,乔治·坎塔里尼,朱斯蒂诺·杜拉诺,赛尔乔·比尼·布斯特里克",1997,"剧情,喜剧,爱情,战争",意大利,"意大利语,德语,英语",2020-01-03,116,1487826,"80.0%,17.2%,2.4%,0.2%,0.2%"
2136,乔·赖特,8.7,傲慢与偏见,"凯拉·奈特莉,马修·麦克费登,唐纳德·萨瑟兰,布兰达·布莱斯,凯瑞·穆里根",2005,"剧情,爱情","法国,英国,美国",英语,2005-09-16,129,948373,"49.4%,39.3%,10.3%,0.8%,0.2%"
2137,乔恩·费儒,7.4,星球大战：曼达洛人与古古,"佩德罗·帕斯卡,杰瑞米·艾伦·怀特,西格妮·韦弗,史蒂夫·布卢姆,乔尼·科因",2026,"动作,科幻,奇幻,冒险",美国,英语,2026-05-22,132,43884,"17.5%,42.9%,34.2%,4.6%,0.8%"
2138,杨德昌,9.0,恐怖分子,"缪骞人,李立群,金士杰,顾宝明,刘明",1986,"剧情,犯罪",中国台湾,"汉语普通话,闽南语",1986-12-19,109,108433,"57.6%,34.7%,6.8%,0.6%,0.3%"
2139,达米恩·查泽雷,8.4,爱乐之城,"瑞恩·高斯林,艾玛·斯通,约翰·传奇,罗丝玛丽·德薇特,芬·维特洛克",2016,"剧情,爱情,歌舞",美国,英语,2017-02-14,128,1135081,"43.7%,37.8%,15.7%,2.2%,0.6%"
2140,大卫·叶茨,9.0,哈利·波特与死亡圣器(下),"丹尼尔·雷德克里夫,艾玛·沃森,鲁伯特·格林特,海伦娜·伯翰·卡特,拉尔夫·费因斯",2011,"奇幻,冒险","美国,英国",英语,2011-08-04,130,976300,"60.2%,31.0%,8.0%,0.6%,0.2%"
2141,阿方索·卡隆,9.0,哈利·波特与阿兹卡班的囚徒,"丹尼尔·雷德克里夫,艾玛·沃森,鲁伯特·格林特,加里·奥德曼,朱丽·沃特斯",2004,"奇幻,冒险","英国,美国",英语,2004-09-10,141,897098,"58.6%,33.3%,7.6%,0.4%,0.1%"
2142,岩井俊二,8.9,情书,"中山美穗,丰川悦司,酒井美纪,柏原崇,范文雀",1995,"剧情,爱情",日本,日语,2021-05-20,117,1333725,"56.6%,32.7%,9.4%,1.0%,0.3%"
2143,董润年,8.1,年会不能停！,"大鹏,白客,庄达菲,王迅,孙艺洲",2023,"剧情,喜剧",中国大陆,汉语普通话,2023-12-29,117,1112388,"29.8%,47.4%,19.9%,2.2%,0.6%"
2144,拉斯·霍尔斯道姆,9.4,忠犬八公的故事,"理查·基尔,莎拉·罗默尔,琼·艾伦,罗比·萨布莱特,艾瑞克·阿瓦利",2009,剧情,"美国,英国","英语,日语",2009-06-13,93,1548777,"74.9%,21.1%,3.7%,0.3%,0.1%"
2145,宫崎骏,9.2,天空之城,"田中真弓,横泽启子,初井言荣,寺田农,常田富士男",1986,"动画,奇幻,冒险",日本,日语,1992-05-01,125,1013792,"65.0%,29.3%,5.4%,0.3%,0.1%"
2146,张抗俊,7.5,与王生活的男人,"柳海真,朴志训,刘智泰,田美都,朴智焕",2026,"剧情,历史",韩国,韩语,2026-02-04,116,15109,"17.5%,43.8%,34.2%,3.7%,0.7%"
2147,"李章焄,刘范尚",8.3,流氓读书会 第一季,"黄旼炫,韩智恩,车禹闵,李宗玄,申秀贤",2025,"剧情,喜剧,动作",韩国,韩语,2025-01-23,73,80929,"37.8%,42.3%,17.3%,2.0%,0.6%"
2148,阿兰·葛斯彭纳,9.3,海蒂和爷爷,"阿努克·斯特芬,布鲁诺·冈茨,昆林·艾格匹,安娜·申茨,伊莎贝尔·奥特曼",2015,"剧情,家庭,冒险","德国,瑞士","南非语,德语,瑞士德语",2019-05-16,111,789185,"69.8%,25.5%,4.4%,0.3%,0.1%"
2149,迈克·内威尔,8.8,哈利·波特与火焰杯,"丹尼尔·雷德克里夫,艾玛·沃森,鲁伯特·格林特,迈克尔·刚本,玛吉·史密斯",2005,"悬疑,奇幻,冒险","英国,美国","英语,法语",2005-11-18,157,809480,"52.2%,37.5%,9.6%,0.6%,0.1%"
2150,戈尔·维宾斯基,8.8,加勒比海盗,"约翰尼·德普,杰弗里·拉什,奥兰多·布鲁姆,凯拉·奈特莉,杰克·达文波特",2003,"动作,奇幻,冒险",美国,英语,2003-11-21,143,975522,"52.5%,38.2%,8.7%,0.5%,0.1%"
2151,"闫非,彭大魔",6.6,西虹市首富,"沈腾,宋芸桦,张一鸣,张晨光,常远",2018,喜剧,中国大陆,汉语普通话,2018-07-27,118,1104644,"10.3%,28.4%,43.8%,13.5%,4.0%"
2152,奥里奥尔·保罗,8.8,看不见的客人,"马里奥·卡萨斯,阿娜·瓦格纳,何塞·科罗纳多,巴巴拉·莱涅,弗兰塞斯克·奥雷利亚",2016,"剧情,悬疑,惊悚,犯罪",西班牙,西班牙语,2017-09-15,106,1448635,"48.8%,41.5%,9.1%,0.5%,0.1%"
2153,詹姆斯·卡梅隆,7.5,阿凡达：火与烬,"萨姆·沃辛顿,佐伊·索尔达娜,西格妮·韦弗,史蒂芬·朗,奥娜·卓别林",2025,"动作,科幻,惊悚,奇幻,冒险",美国,英语,2025-12-19,198,279676,"20.0%,42.4%,31.5%,5.1%,1.0%"
2154,"罗杰·阿勒斯,罗伯·明可夫",9.1,狮子王,"乔纳森·泰勒·托马斯,马修·布罗德里克,杰瑞米·艾恩斯,詹姆斯·厄尔·琼斯,莫伊拉·凯利",1994,"动画,歌舞,冒险",美国,"英语,斯瓦希里语,科萨语,祖鲁语",1995-07-15,89,965943,"61.6%,31.7%,6.2%,0.3%,0.1%"
2155,程伟豪,7.2,消失的人,"郑恺,刘浩存,邱泽,李晨,姜妍",2026,"悬疑,惊悚,犯罪",中国大陆,汉语普通话,2026-05-01,140,100572,"12.7%,45.4%,34.4%,5.3%,2.1%"
2156,"周星驰,李力持",8.8,喜剧之王,"周星驰,张柏芝,莫文蔚,吴孟达,林子善",1999,"剧情,喜剧,爱情",中国香港,粤语,1999-02-13,89,1102876,"52.3%,37.9%,9.1%,0.6%,0.2%"
2157,史蒂文·斯皮尔伯格,9.5,辛德勒的名单,"连姆·尼森,本·金斯利,拉尔夫·费因斯,卡罗琳·古多尔,乔纳森·萨加尔",1993,"剧情,历史,战争",美国,"英语,希伯来语,德语,波兰语",1993-11-30,195,1251688,"80.2%,17.3%,2.1%,0.1%,0.2%"
2158,"姜伟,付玮",9.5,潜伏,"孙红雷,姚晨,沈傲君,祖峰,冯恩鹤",2008,剧情,中国大陆,汉语普通话,2008-12-20,46,398274,"78.0%,19.4%,2.3%,0.2%,0.2%"
2159,曾国祥,8.2,少年的你,"周冬雨,易烊千玺,尹昉,周也,吴越",2019,"剧情,爱情,犯罪","中国大陆,中国香港",汉语普通话,2019-10-25,135,1567550,"33.5%,46.6%,16.5%,2.1%,1.3%"
2160,克里斯托弗·博格利,6.9,爱情抓马,"赞达亚,罗伯特·帕丁森,阿拉娜·哈伊姆,马莫多·阿西,海利·盖茨",2026,"剧情,喜剧,爱情",美国,英语,2026-04-02,105,41214,"9.2%,37.9%,42.9%,8.6%,1.4%"
2161,贝纳尔多·贝托鲁奇,9.3,末代皇帝,"尊龙,陈冲,邬君梅,彼得·奥图尔,英若诚",,,,,,,,
2162,朴允书,7.7,夺命许愿,"全昭映,姜美娜,白善浩,玄宇锡,李孝制",2026,"剧情,恐怖",韩国,韩语,2026-04-24,61,57739,"20.8%,46.7%,28.1%,3.5%,0.9%"
2163,"彼特·道格特,罗纳尔多·德尔·卡门",8.9,头脑特工队,"艾米·波勒,菲利丝·史密斯,理查德·坎德,比尔·哈德尔,刘易斯·布莱克",2015,"喜剧,动画,冒险",美国,英语,2015-10-06,95,815146,"54.0%,35.6%,9.5%,0.7%,0.2%"
2164,保罗·托马斯·安德森,8.0,一战再战,"莱昂纳多·迪卡普里奥,西恩·潘,本尼西奥·德尔·托罗,蔡斯·英菲尼迪,缇雅娜·泰勒",2025,"剧情,动作,惊悚,犯罪",美国,"英语,西班牙语",2025-10-17,162,255690,"28.2%,49.2%,19.3%,2.5%,0.9%"
2165,"布拉德·安德森,亚当·戴维森,玛吉·基莉 ,玛雅·弗维罗",6.9,我会找到你,"萨姆·沃辛顿,布丽特·洛薇尔,米洛·文堤米利亚,齐·麦克布赖德,艾琳·理查兹",2026,"剧情,悬疑,惊悚,犯罪",美国,英语,2026-06-18,81,2146,"15.5%,32.7%,38.1%,10.5%,3.3%"
2166,奉俊昊,8.8,寄生虫,"宋康昊,李善均,赵汝贞,崔宇植,朴素丹",2019,剧情,韩国,"韩语,英语",2019-05-21,132,1557859,"50.4%,40.9%,7.9%,0.6%,0.3%"
2167,大卫·叶茨,8.6,哈利·波特与凤凰社,"丹尼尔·雷德克里夫,艾玛·沃森,鲁伯特·格林特,加里·奥德曼,拉尔夫·费因斯",2007,"奇幻,冒险","英国,美国",英语,2007-08-10,138,704098,"44.6%,40.2%,14.0%,1.0%,0.2%"
2168,萨姆·莱文森,6.3,亢奋 第三季,"赞达亚,亨特·莎弗,埃里克·迪恩,雅各布·艾洛蒂,西德尼·斯维尼",2026,剧情,美国,"英语,西班牙语",2026-04-12,86,23704,"18.0%,23.6%,28.9%,16.5%,13.0%"
2169,韩寒,7.6,飞驰人生2,"沈腾,范丞丞,尹正,张本煜,孙艺洲",2024,"剧情,喜剧,运动",中国大陆,汉语普通话,2024-02-10,121,820301,"21.9%,43.5%,28.8%,4.2%,1.6%"
2170,"菲利浦·斯格里西亚,莎娜·斯坦,卡伦·卡薇欧拉,卡特里奥娜·麦肯齐,西尔维恩·怀特",6.6,黑袍纠察队 第五季,"卡尔·厄本,杰克·奎德,安东尼·斯塔尔,艾琳·莫里亚蒂,拉兹·阿隆索",2026,"剧情,喜剧,动作,科幻,犯罪",美国,英语,2026-04-08,30,50374,"17.1%,24.9%,35.9%,13.5%,8.6%"
2171,贾玲,7.5,热辣滚烫,"贾玲,雷佳音,张小斐,杨紫,沙溢",2024,"剧情,喜剧,运动",中国大陆,汉语普通话,2024-02-10,129,935633,"27.4%,35.0%,27.3%,6.7%,3.6%"
2172,约瑟夫·科辛斯基,8.7,F1：狂飙飞车,"布拉德·皮特,戴姆森·伊德瑞斯,哈维尔·巴登,凯瑞·康顿,托比亚斯·门基斯",2025,"剧情,动作,运动",美国,英语,2025-06-27,156,529734,"46.1%,42.6%,10.3%,0.8%,0.2%"
2173,弗朗西斯·福特·科波拉,9.3,教父,"马龙·白兰度,阿尔·帕西诺,詹姆斯·肯恩,理查德·S·卡斯特尔诺,罗伯特·杜瓦尔",1972,"剧情,犯罪",美国,"英语,意大利语,拉丁语",1972-03-15,175,1112745,"72.0%,22.7%,4.7%,0.5%,0.3%"
2174,大卫·叶茨,8.6,哈利·波特与死亡圣器(上),"丹尼尔·雷德克里夫,艾玛·沃森,鲁伯特·格林特,海伦娜·伯翰·卡特,拉尔夫·费因斯",2010,"奇幻,冒险","英国,美国",英语,2010-11-19,146,704043,"45.4%,40.2%,13.1%,1.1%,0.3%"
2175,韩寒,6.8,飞驰人生,"沈腾,黄景瑜,尹正,张本煜,尹昉",2019,"剧情,喜剧,运动",中国大陆,"汉语普通话,英语",2019-02-05,98,1038223,"11.1%,34.2%,41.9%,10.6%,2.3%"
2176,陈思诚,7.8,唐人街探案,"王宝强,刘昊然,佟丽娅,陈赫,肖央",2015,"喜剧,动作,悬疑",中国大陆,"汉语普通话,泰语,英语",2015-12-31,135,958491,"21.6%,49.3%,25.1%,3.0%,1.0%"
2177,西蒙·麦奎德,5.9,真人快打2,"阿德莱恩·鲁道夫,卡尔·厄本,马丁·福特,塔蒂·加布里埃,杰西卡·麦克娜美",2026,"动作,科幻,惊悚,奇幻,冒险",美国,"英语,西班牙语",2026-05-08,116,20680,"6.1%,19.3%,45.6%,22.1%,6.9%"
2178,陈思诚,5.3,唐人街探案3,"王宝强,刘昊然,妻夫木聪,托尼·贾,长泽雅美",2021,"喜剧,悬疑","中国大陆,中国香港,日本","汉语普通话,日语,英语,泰语",2021-02-12,136,1143739,"3.6%,12.3%,41.2%,29.7%,13.2%"
2179,"彼特·道格特,凯普·鲍尔斯",8.7,心灵奇旅,"杰米·福克斯,蒂娜·菲,菲利西亚·拉斯海德,阿米尔-卡利布·汤普森,戴维德·迪格斯",2020,"动画,音乐,奇幻",美国,英语,2020-12-25,100,1153955,"48.9%,38.4%,11.8%,0.8%,0.2%"
2180,"迪恩·戴布洛伊,克里斯·桑德斯",8.8,驯龙高手,"杰伊·巴鲁切尔,杰拉德·巴特勒,克雷格·费格森,亚美莉卡·费雷拉,乔纳·希尔",2010,"动画,奇幻,冒险",美国,英语,2010-05-14,98,873206,"49.8%,40.4%,9.3%,0.4%,0.1%"
2181,"朴俊和,裴熙英",7.2,21世纪大君夫人,"李知恩,边佑锡,鲁尚炫,孔升延,刘秀彬",2026,"喜剧,爱情",韩国,韩语,2026-04-10,41,42112,"28.0%,27.4%,28.8%,10.7%,5.2%"
2182,巴勃罗·贝格尔,9.1,机器人之梦,"伊万·拉班达,阿尔伯特·特里佛·塞加拉,拉法·卡尔沃,何塞·加西亚·托斯,何塞·路易斯·梅地亚维拉",2023,"剧情,动画,音乐","西班牙,法国",无对白,2024-06-08,102,452919,"62.1%,30.7%,6.4%,0.6%,0.2%"
2183,土井裕泰,8.6,花束般的恋爱,"菅田将晖,有村架纯,细田佳央太,清原果耶,小田切让",2021,"剧情,爱情",日本,日语,2022-02-22,124,841945,"45.1%,41.8%,11.7%,1.1%,0.4%"
2184,克里斯托弗·史密斯,8.5,恐怖游轮,"梅利莎·乔治,迈克尔·多曼,利亚姆·海姆斯沃斯,瑞秋·卡帕尼,亨利·尼克松",2009,"科幻,悬疑,惊悚,奇幻","英国,澳大利亚",英语,2009-10-16,99,1002153,"43.1%,42.6%,12.8%,1.2%,0.3%"
2185,"木头,顾杰",8.7,罗小黑战记2,"山新,刘明月,朱婧,栾立胜,傅晨阳",2025,"动画,奇幻,冒险",中国大陆,汉语普通话,2025-07-18,119,324359,"48.9%,38.5%,10.9%,1.2%,0.5%"
2186,侯孝贤,8.1,南国再见，南国,"高捷,林强,伊能静,徐贵樱,高明",1996,"剧情,犯罪","中国台湾,日本","汉语普通话,闽南语",1996-05-13,124,29528,"27.9%,50.9%,18.9%,1.7%,0.5%"
2187,"崔睿,刘翔",6.2,消失的她,"朱一龙,倪妮,文咏珊,杜江,黄子琪",2022,"悬疑,犯罪",中国大陆,汉语普通话,2023-06-22,121,995296,"7.5%,24.7%,43.9%,16.7%,7.1%"
2188,彼得·威尔,9.2,死亡诗社,"罗宾·威廉姆斯,罗伯特·肖恩·莱纳德,伊桑·霍克,乔西·查尔斯,盖尔·汉森",1989,剧情,美国,"英语,拉丁语",1989-06-02,128,889948,"66.8%,26.9%,5.6%,0.5%,0.2%"
2189,"陈凯歌,张一白,管虎,薛晓路,徐峥,宁浩,文牧野",7.6,我和我的祖国,"黄渤,张译,韩昊霖,杜江,葛优",2019,剧情,中国大陆,汉语普通话,2019-09-30,155,1076260,"20.6%,44.6%,29.7%,4.0%,1.2%"
2190,朱塞佩·托纳多雷,8.9,西西里的美丽传说,"莫妮卡·贝鲁奇,朱塞佩·苏尔法罗,Luciano Federico,玛蒂尔德·皮亚纳,Pietro Notarianni",2000,"剧情,情色,战争","意大利,美国","意大利语,英语,拉丁语,古希腊语",2000-10-27,108,1098363,"55.4%,36.4%,7.5%,0.5%,0.2%"
2191,娜丁·拉巴基,9.1,何以为家,"赞恩·阿尔·拉菲亚,约丹诺斯·希费罗,博鲁瓦蒂夫·特雷杰·班科尔,卡萨尔·艾尔·哈达德,法迪·尤瑟夫",2018,剧情,"黎巴嫩,美国,法国,塞浦路斯,卡塔尔,英国","阿拉伯语,阿姆哈拉语",2019-04-29,126,1166826,"60.2%,33.8%,5.5%,0.4%,0.1%"
2192,张艺谋,7.0,满江红,"沈腾,易烊千玺,张译,雷佳音,岳云鹏",2023,"剧情,喜剧,悬疑,古装",中国大陆,"汉语普通话,中国手语",2023-01-22,159,1158711,"16.7%,35.5%,32.9%,9.2%,5.7%"
2193,乌尔善,7.7,封神第一部：朝歌风云,"费翔,李雪健,黄渤,于适,陈牧驰",2023,"动作,战争,奇幻,古装",中国大陆,汉语普通话,2023-07-20,148,1293310,"27.0%,41.6%,24.6%,4.8%,2.0%"
2194,申奥,6.9,孤注一掷,"张艺兴,金晨,咏梅,王传君,王大陆",2023,"剧情,犯罪",中国大陆,汉语普通话,2023-08-08,130,790337,"11.0%,34.3%,43.5%,8.7%,2.5%"
2195,辛爽,9.4,漫长的季节,"范伟,秦昊,陈明昊,李庚希,刘奕铁",2023,"剧情,家庭,犯罪",中国大陆,汉语普通话,2023-04-22,98,1182604,"76.1%,20.1%,3.2%,0.4%,0.2%"
2196,米洛斯·福尔曼,9.1,飞越疯人院,"杰克·尼科尔森,路易丝·弗莱彻,威廉·雷德菲尔德,克里斯托弗·洛伊德,威尔·萨姆森",1975,剧情,美国,英语,1975-11-19,133,608599,"63.4%,29.7%,6.1%,0.6%,0.2%"
2197,克里斯托弗·诺兰,9.2,蝙蝠侠：黑暗骑士,"克里斯蒂安·贝尔,希斯·莱杰,艾伦·艾克哈特,迈克尔·凯恩,玛吉·吉伦哈尔",2008,"剧情,动作,科幻,惊悚,犯罪","美国,英国","英语,汉语普通话",2008-07-14,152,1198072,"68.2%,25.5%,5.6%,0.5%,0.2%"
2198,陈思诚,6.6,唐人街探案2,"王宝强,刘昊然,肖央,刘承羽,尚语贤",2018,"喜剧,动作,悬疑",中国大陆,"汉语普通话,英语,日语,粤语",2018-02-16,121,977693,"8.4%,31.2%,45.0%,11.8%,3.6%"
2199,李相玟,5.3,杀木池,"金惠奫,李钟圆,金准韩,金永声,吴东旻",2026,"惊悚,恐怖",韩国,韩语,2026-04-08,95,11380,"3.7%,10.1%,44.8%,32.4%,9.0%"
2200,"柯克·德·米科,克里斯·桑德斯",8.7,疯狂原始人,"尼古拉斯·凯奇,艾玛·斯通,瑞安·雷诺兹,凯瑟琳·基纳,克萝丽丝·利奇曼",2013,"喜剧,动画,冒险",美国,英语,2013-04-20,98,927965,"46.6%,41.4%,11.2%,0.6%,0.1%"
2201,李安,8.7,色，戒,"梁朝伟,汤唯,陈冲,王力宏,庹宗华",2007,"剧情,爱情,情色","中国台湾,中国大陆,美国,中国香港","汉语普通话,上海话,英语,粤语,日语,印地语",2007-11-01,158,971247,"49.6%,38.5%,10.8%,0.8%,0.3%"
2202,"纳撒尼尔·赫利米,克莱曼斯·马德琳-佩德里亚特",8.4,我住在凡尔赛的日子,"尼娜·佩雷斯-马拉尔特,埃米·卢卡斯-维吉耶,马尔科姆·瓦莱,安娜·阿尔瓦罗,席琳·荣特",2025,"动画,家庭","卢森堡,法国",法语,2025-08-30,81,3983,"35.0%,48.8%,15.4%,0.7%,0.2%"
2203,马丁·斯科塞斯,8.9,禁闭岛,"莱昂纳多·迪卡普里奥,马克·鲁法洛,本·金斯利,马克斯·冯·叙多夫,米歇尔·威廉姆斯",2010,"剧情,悬疑,惊悚",美国,"英语,德语",2010-02-13,138,1120976,"52.7%,38.9%,7.7%,0.5%,0.1%"
2204,凯恩·帕森斯,6.6,后室,"切瓦特·埃加福,雷娜特·赖因斯夫,芬恩·本尼特,卢基塔·麦克斯韦尔,马克·杜普拉斯",2026,"科幻,恐怖","美国,加拿大","英语,葡萄牙语",2026-06-26,111,7250,"8.4%,31.5%,43.8%,12.8%,3.5%"
2205,张艺谋,7.5,第二十条,"雷佳音,马丽,赵丽颖,高叶,刘耀文",2024,"剧情,喜剧,家庭",中国大陆,"汉语普通话,中国手语",2024-02-10,141,810276,"23.0%,40.7%,27.6%,6.2%,2.5%"
2206,本·斯蒂勒,8.6,白日梦想家,"本·斯蒂勒,克里斯汀·韦格,亚当·斯科特,西恩·潘,凯瑟琳·哈恩",2013,"剧情,喜剧,冒险","美国,英国","英语,西班牙语,冰岛语",2013-12-25,114,660513,"47.2%,39.2%,12.3%,1.1%,0.2%"
2207,罗伯·莱纳,8.7,遗愿清单,"杰克·尼科尔森,摩根·弗里曼,西恩·海耶斯,贝弗利·陶德,罗伯·莫洛",2007,"剧情,喜剧,冒险",美国,英语,2007-12-25,97,546026,"47.5%,41.2%,10.5%,0.7%,0.1%"
2208,韦斯·安德森,8.9,布达佩斯大饭店,"拉尔夫·费因斯,托尼·雷沃罗利,阿德里安·布罗迪,威廉·达福,裘德·洛",2014,"剧情,喜剧,冒险","美国,德国,英国","英语,法语,德语",2014-02-06,99,1091885,"55.3%,35.7%,8.1%,0.7%,0.2%"
2209,大卫·叶茨,8.4,哈利·波特与混血王子,"丹尼尔·雷德克里夫,艾玛·沃森,鲁伯特·格林特,迈克尔·刚本,大卫·勒格诺",2009,"奇幻,冒险","英国,美国",英语,2009-07-15,153,640269,"41.2%,38.5%,17.9%,2.1%,0.4%"
2210,大卫·芬奇,8.8,七宗罪,"摩根·弗里曼,布拉德·皮特,凯文·史派西,格温妮斯·帕特洛,安德鲁·凯文·沃克",1995,"剧情,悬疑,惊悚,犯罪",美国,英语,1995-09-22,127,1069673,"51.0%,39.1%,9.1%,0.6%,0.2%"
2211,马丁·布莱斯特,9.1,闻香识女人,"阿尔·帕西诺,克里斯·奥唐纳,詹姆斯·瑞布霍恩,加布里埃尔·安瓦尔,菲利普·塞默·霍夫曼",1992,剧情,美国,英语,1992-12-23,157,1028537,"63.0%,30.0%,6.3%,0.5%,0.2%"
2212,提莫·贝克曼贝托夫,7.2,极限审判,"克里斯·帕拉特,丽贝卡·弗格森,卡莉·瑞斯,安娜贝拉·沃丽丝,克里斯·沙利文",2026,"动作,科幻,悬疑",美国,英语,2026-01-23,100,101111,"11.7%,43.7%,39.6%,4.3%,0.6%"
2213,比利·怀尔德,9.6,控方证人,"泰隆·鲍华,玛琳·黛德丽,查尔斯·劳顿,埃尔莎·兰彻斯特,约翰·威廉姆斯",1957,"剧情,悬疑,惊悚,犯罪",美国,"英语,德语",2025-12-05,116,749339,"82.0%,16.1%,1.7%,0.1%,0.1%"
2214,郑晓龙,9.4,后宫·甄嬛传,"孙俪,陈建斌,蔡少芬,李东学,蒋欣",2011,"剧情,古装",中国大陆,汉语普通话,2011-11-17,67,925184,"76.5%,19.7%,2.9%,0.4%,0.6%"
2215,周星驰,6.7,美人鱼,"邓超,罗志祥,张雨绮,林允,徐克",2016,"喜剧,爱情,奇幻","中国大陆,中国香港","汉语普通话,英语,日语",2016-02-08,93,891967,"12.7%,28.8%,43.0%,11.8%,3.6%"
2216,"埃里克·布雷斯,J·麦基·格鲁伯",8.9,蝴蝶效应,"阿什顿·库彻,梅洛拉·沃尔特斯,艾米·斯马特,埃尔登·亨森,威廉姆·李·斯科特",2004,"剧情,科幻,悬疑,惊悚","美国,加拿大",英语,2004-01-23,113,1074681,"54.3%,37.0%,7.9%,0.6%,0.2%"
2217,严艺文,7.6,欠你的那场婚礼,"张孝全,苏慧伦,朱轩洋,蒲禾菲,谢盈萱",2026,"喜剧,爱情",中国台湾,汉语普通话,2026-06-20,53,2139,"28.5%,35.3%,27.6%,5.9%,2.7%"
2218,斯坦利·库布里克,8.3,闪灵,"杰克·尼科尔森,谢莉·杜瓦尔,丹尼·劳埃德,斯加特曼·克罗索斯,巴瑞·尼尔森",1980,恐怖,"英国,美国",英语,2026-01-30,119,639143,"37.9%,44.1%,15.5%,1.8%,0.7%"
2219,乔纳森·戴米,8.9,沉默的羔羊,"朱迪·福斯特,安东尼·霍普金斯,斯科特·格伦,安东尼·希尔德,布鲁克·史密斯",1991,"剧情,惊悚,犯罪",美国,英语,1991-02-14,118,1022174,"55.0%,37.0%,7.5%,0.5%,0.1%"
2220,"安东尼·罗素,乔·罗素",8.5,复仇者联盟4：终局之战,"小罗伯特·唐尼,克里斯·埃文斯,克里斯·海姆斯沃斯,马克·鲁法洛,斯嘉丽·约翰逊",2019,"剧情,动作,科幻,奇幻,冒险",美国,"英语,日语,科萨语",2019-04-24,181,1154540,"46.2%,35.2%,15.7%,2.0%,0.9%"
2221,"露西亚·安尼洛,戴思睿·阿卡万,保罗·当斯",8.8,绝望写手 第一季,"珍·斯玛特,汉娜·爱宾德,卡尔·克莱蒙斯-霍普金斯,克里斯托弗·麦克唐纳,罗斯·阿卜杜",2021,喜剧,美国,英语,2021-05-13,32,45012,"49.3%,40.4%,9.3%,0.7%,0.2%"
2222,王之,7.0,黑夜告白,"潘粤明,王鹤棣,任敏,姜珮瑶,赵虎",2026,"剧情,悬疑,犯罪",中国大陆,汉语普通话,2026-04-26,88,89729,"17.6%,33.4%,33.6%,11.0%,4.3%"
2223,曾庆杰,6.4,逐玉,"田曦薇,张凌赫,任豪,孔雪儿,邓凯",2026,"剧情,爱情,古装",中国大陆,汉语普通话,2026-03-06,49,220533,"15.3%,23.9%,37.1%,14.7%,9.0%"
2224,帕特·波尼蒂帕特,8.8,姥姥的外孙,"普提蓬·阿萨拉塔纳功,乌萨·萨梅坎姆,莎琳拉·托马斯,三亚·库纳康,邦沙敦·宗威拉克",2024,剧情,泰国,"泰语,潮州话",2024-08-23,127,362586,"52.9%,37.8%,8.4%,0.6%,0.2%"
2225,彼得·杰克逊,9.1,指环王1：护戒使者,"伊利亚·伍德,西恩·奥斯汀,伊恩·麦克莱恩,维果·莫腾森,奥兰多·布鲁姆",2001,"剧情,动作,奇幻,冒险","新西兰,美国,英国","英语,辛达林语",2002-04-04,179,965130,"63.9%,28.6%,6.8%,0.6%,0.2%"
2226,梅木葵,8.6,加油吧！中村君!!,"小林千晃,榊原优希,江口拓也,菲鲁兹·蓝,野津山幸宏",2026,"爱情,动画,同性",日本,日语,2026-04-02,52,3568,"51.2%,33.2%,12.6%,2.1%,1.0%"
2227,凯尔·巴尔达,7.5,绵羊侦探团,"休·杰克曼,尼可拉斯·博朗,尼古拉斯·加利齐纳,莫莉·戈登,茱莉亚·路易斯-德瑞弗斯",2026,"喜剧,动作,悬疑","爱尔兰,英国,德国,美国",英语,2026-05-16,110,31963,"17.5%,44.2%,35.2%,2.9%,0.2%"
2228,张艺谋,9.3,活着,"葛优,巩俐,姜武,牛犇,郭涛",1994,"剧情,家庭,历史","中国大陆,中国香港",汉语普通话,1994-06-30,132,975304,"70.3%,25.4%,3.9%,0.3%,0.1%"
2229,刘英恩,8.3,爱情怎么翻译？,"金宣虎,高允贞,福士苍汰,李伊潭,崔佑成",2026,"剧情,喜剧,爱情",韩国,"韩语,英语,日语,意大利语",2026-01-16,97,129551,"41.5%,38.1%,16.9%,2.7%,0.8%"
2230,蒂姆·波顿,8.7,剪刀手爱德华,"约翰尼·德普,薇诺娜·瑞德,黛安·韦斯特,安东尼·迈克尔·豪尔,凯西·贝克",1990,"剧情,爱情,奇幻",美国,英语,1990-12-06,105,1126405,"48.2%,39.9%,10.9%,0.8%,0.2%"
2231,"李雪,赵烁",8.4,生命树,"杨紫,胡歌,李光洁,张哲华,梅婷",2026,剧情,中国大陆,汉语普通话,2026-01-30,85,332882,"47.5%,36.4%,9.1%,4.1%,2.8%"
2232,"维克多·弗莱明,乔治·库克,山姆·伍德",9.3,乱世佳人,"费雯·丽,克拉克·盖博,奥利维娅·德哈维兰,托马斯·米切尔,芭芭拉·欧内尔",1939,"剧情,爱情,历史,战争",美国,英语,1939-12-15,233,800282,"70.9%,24.4%,4.2%,0.3%,0.2%"
2233,"莉莉·沃卓斯基,拉娜·沃卓斯基",9.1,黑客帝国,"基努·里维斯,劳伦斯·菲什伯恩,凯瑞-安·莫斯,雨果·维文,格洛丽亚·福斯特",1999,"动作,科幻",美国,英语,2000-01-14,136,955779,"63.6%,29.5%,6.3%,0.5%,0.2%"
2234,侯孝贤,8.2,海上花,"梁朝伟,羽田美智子,刘嘉玲,李嘉欣,高捷",1998,剧情,"中国台湾,日本","粤语,上海话",1998-10-01,113,97690,"32.5%,48.6%,17.0%,1.5%,0.4%"
2235,"徐纪周,冯轩,陈伟雄",8.5,狂飙,"张译,张颂文,李一桐,张志坚,吴刚",2023,"剧情,犯罪",中国大陆,汉语普通话,2023-01-14,99,1058774,"40.8%,45.2%,12.3%,1.2%,0.5%"
2236,宁浩,8.6,疯狂的石头,"郭涛,刘桦,连晋,黄渤,徐峥",2006,"喜剧,犯罪","中国大陆,中国香港","汉语普通话,重庆话",2006-06-30,106,933994,"44.4%,42.8%,11.7%,0.9%,0.2%"
2237,杨德昌,9.1,一一,"李凯莉,金燕玲,张洋洋,萧淑慎,尾形一成",2000,"剧情,爱情,家庭","中国台湾,日本","汉语普通话,闽南语,英语,日语",2017-07-28,173,518787,"66.3%,25.7%,6.7%,0.9%,0.4%"
2238,安吉镐,8.9,黑暗荣耀,"宋慧乔,李到晛,林智妍,郑成日,廉惠兰",2022,剧情,韩国,韩语,2022-12-30,63,628192,"54.5%,36.8%,7.6%,0.6%,0.3%"
2239,杨雅喆,8.6,血观音,"惠英红,吴可熙,文淇,柯佳嬿,陈莎莉",2017,"剧情,悬疑",中国台湾,"汉语普通话,粤语,闽南语,日语",2017-11-24,112,574537,"42.6%,45.0%,11.2%,0.9%,0.3%"
2240,朴赞郁,7.3,无可奈何,"李炳宪,孙艺珍,朴熙顺 ,李星民,廉惠兰",2025,"剧情,喜剧,惊悚,犯罪",韩国,"韩语,英语",2025-08-29,139,78065,"14.3%,44.0%,35.7%,5.0%,1.0%"
2241,大卫·芬奇,9.0,本杰明·巴顿奇事,"布拉德·皮特,凯特·布兰切特,朱莉娅·奥蒙德,芳妮·A·钱勃丝,伊莱亚斯·科泰斯",2008,"剧情,爱情,奇幻",美国,"英语,俄语,法语",2008-12-25,166,1110471,"58.6%,33.3%,7.4%,0.5%,0.1%"
2242,大卫·芬奇,9.0,搏击俱乐部,"爱德华·诺顿,布拉德·皮特,海伦娜·伯翰·卡特,扎克·格雷尼尔,米特·洛夫",1999,"剧情,动作,悬疑,惊悚",美国,英语,1999-09-10,139,982021,"61.6%,29.8%,7.4%,0.8%,0.4%"
2243,王晶,8.8,九品芝麻官,"周星驰,吴孟达,张敏,徐锦江,钟丽缇",1994,"剧情,喜剧,古装",中国香港,粤语,1994-03-31,108,802161,"49.1%,41.0%,9.3%,0.4%,0.1%"
2244,"谢君伟,邹靖",8.3,长安三万里,"杨天翔,凌振赫,吴俊全,宣晓鸣,卢力峰",2023,"动画,历史",中国大陆,汉语普通话,2023-07-08,168,744997,"41.0%,38.1%,16.8%,3.1%,1.0%"
2245,"陈思诚,戴墨",6.4,唐探1900,"王宝强,刘昊然,周润发,白客,张新成",2025,"喜剧,动作,悬疑","中国大陆,中国香港","汉语普通话,英语",2025-01-29,136,609559,"8.4%,27.4%,44.1%,14.6%,5.4%"
2246,"杨磊,陆贝珂",8.6,太平年,"白宇,周雨彤,朱亚文,俞灏明,董勇",2026,"剧情,历史,古装",中国大陆,汉语普通话,2026-01-23,32,164698,"50.6%,35.4%,9.1%,3.0%,1.9%"
2247,威廉·惠勒,9.1,罗马假日,"奥黛丽·赫本,格利高里·派克,埃迪·艾伯特,哈特利·鲍尔,哈考特·威廉姆斯",1953,"剧情,喜剧,爱情",美国,"英语,意大利语,德语",1953-08-20,118,1052526,"60.8%,32.4%,6.4%,0.3%,0.1%"
2248,詹姆斯·曼高德,8.9,致命ID,"约翰·库萨克,雷·利奥塔,阿曼达·皮特,约翰·浩克斯,阿尔弗雷德·莫里纳",2003,"剧情,悬疑,惊悚",美国,英语,2003-04-25,90,957013,"53.2%,38.3%,7.8%,0.6%,0.2%"
2249,"彼特·道格特,大卫·西尔弗曼,李·昂克里奇",8.8,怪兽电力公司,"约翰·古德曼,比利·克里斯托,玛丽·吉布斯,史蒂夫·布西密,詹姆斯·柯本",2001,"喜剧,动画,儿童,奇幻,冒险",美国,英语,2001-11-02,92,776904,"49.7%,40.7%,9.2%,0.4%,0.1%"
2250,雷德利·斯科特,8.5,火星救援,"马特·达蒙,杰西卡·查斯坦,克里斯汀·韦格,杰夫·丹尼尔斯,迈克尔·佩纳",2015,"剧情,科幻,冒险","英国,美国,匈牙利,约旦","英语,汉语普通话",2015-11-25,142,847455,"40.1%,47.9%,11.2%,0.6%,0.2%"
2251,"陈凯歌,徐克,林超贤,宁海强",7.4,长津湖,"吴京,易烊千玺,段奕宏,朱亚文,李晨",2021,"剧情,历史,战争","中国大陆,中国香港","汉语普通话,英语",2021-09-30,176,822534,"24.0%,32.9%,32.2%,8.7%,2.1%"
2252,理查德·林克莱特,8.8,爱在黎明破晓前,"伊桑·霍克,朱莉·德尔佩,安德莉亚·埃克特,汉诺·波西尔,卡尔·布拉克施魏格尔",1995,"剧情,爱情","美国,奥地利,瑞士","英语,德语,法语",1995-01-27,101,809838,"54.4%,34.4%,9.8%,1.0%,0.3%"
2253,杨秉佳,7.3,东北警察故事3,"谢苗,林晓杰,崔志佳,黄米依,伍允龙",2026,"喜剧,动作,犯罪",中国大陆,"汉语普通话,粤语",2026-01-30,100,70023,"13.7%,43.2%,37.9%,4.4%,0.9%"
2254,宝拉·柯特莱西,9.3,还有明天,"宝拉·柯特莱西,瓦莱里奥·马斯坦德雷亚,罗马纳·马乔拉·韦尔加诺,埃马努艾拉·法内利,乔治·科兰杰利",2023,"剧情,喜剧,历史",意大利,"意大利语,英语",2025-03-08,118,379997,"73.5%,21.3%,4.3%,0.6%,0.4%"
2255,林超贤,8.2,红海行动,"张译,黄景瑜,海清,杜江,蒋璐霞",2018,"动作,战争","中国大陆,中国香港","汉语普通话,阿拉伯语,英语,索马里语,粤语",2018-02-16,138,1109235,"37.4%,41.6%,17.4%,2.5%,1.0%"
2256,埃默拉尔德·芬内尔,6.2,呼啸山庄,"玛格特·罗比,雅各布·艾洛蒂,周洪,沙扎德·拉蒂夫,艾莉森·奥利弗",2026,"剧情,爱情","英国,美国",英语,2026-03-13,137,97847,"10.8%,23.5%,37.7%,20.3%,7.7%"
2257,彼得·杰克逊,9.3,指环王3：王者无敌,"伊利亚·伍德,西恩·奥斯汀,维果·莫腾森,奥兰多·布鲁姆,伊恩·麦克莱恩",2003,"剧情,动作,奇幻,冒险","美国,新西兰","英语,昆雅语,古英语,辛达林语",2004-03-12,201,914868,"71.3%,23.3%,4.9%,0.4%,0.2%"
2258,周美豫,6.2,失明,"林依晨,吴可熙,刘敬,李铭忠,李沐",2025,"剧情,爱情,同性",中国台湾,汉语普通话,2025-09-19,150,2327,"9.1%,20.9%,44.0%,20.8%,5.2%"
2259,尼蒂兰·萨米纳坦,8.7,因果报应,"维杰·西图帕提,阿努拉格·卡施亚普,玛玛塔·莫汉达斯,那塔拉简·苏布拉马尼亚姆,阿比拉米",2024,"动作,悬疑,犯罪",印度,泰米尔语,2024-11-29,141,440557,"48.6%,39.1%,10.6%,1.3%,0.5%"
2260,大卫·弗兰科尔,8.2,穿普拉达的女王,"梅丽尔·斯特里普,安妮·海瑟薇,艾米莉·布朗特,斯坦利·图齐,西蒙·贝克",2006,"剧情,喜剧","美国,法国","英语,法语",2007-02-27,109,852403,"31.4%,50.5%,17.0%,1.0%,0.2%"
2261,刘江江,7.4,人生大事,"朱一龙,杨恩又,王戈,刘陆,罗京民",2022,"剧情,家庭","中国大陆,中国香港","汉语普通话,武汉方言,四川方言",2022-06-24,112,686730,"15.6%,43.4%,35.2%,4.9%,1.0%"
2262,李濬益,9.3,素媛,"薛景求,严志媛,李来,金海淑,金相镐",2013,剧情,韩国,韩语,2013-10-02,122,779986,"69.6%,26.3%,3.7%,0.2%,0.1%"
2263,彼得·杰克逊,9.2,指环王2：双塔奇兵,"伊利亚·伍德,西恩·奥斯汀,多米尼克·莫纳汉,奥兰多·布鲁姆,维果·莫腾森",2002,"剧情,动作,奇幻,冒险","美国,新西兰","英语,辛达林语,古代英语",2003-04-25,180,861773,"67.1%,26.8%,5.6%,0.4%,0.1%"
2264,吴家伟,8.6,开庭,"邱士缙,谷祖琳,朱鉴然,陈湛文,张达伦",2026,剧情,中国香港,粤语,2026-05-18,98,2563,"46.8%,39.9%,11.0%,1.3%,1.0%"
2265,史蒂文·斯皮尔伯格,8.7,人工智能,"海利·乔·奥斯蒙,弗兰西丝·奥康纳,山姆·洛巴兹,杰克·托马斯,裘德·洛",2001,"剧情,科幻",美国,英语,2001-06-29,146,508929,"48.8%,38.2%,11.4%,1.2%,0.3%"
2266,柯汶利,7.5,误杀,"肖央,谭卓,陈冲,姜皓文,秦沛",2019,"剧情,悬疑,犯罪",中国大陆,"汉语普通话,泰语",2019-12-13,112,981303,"15.4%,49.6%,30.1%,4.0%,0.9%"
2267,"卡洛斯·沙尔丹哈,克里斯·韦奇",8.7,冰川时代,"雷·罗马诺,约翰·雷吉扎莫,丹尼斯·利瑞,杰克·布莱克,艾伦·图代克",2002,"喜剧,动画,冒险",美国,"英语,克罗地亚语",2002-03-15,81,691040,"44.6%,44.2%,10.6%,0.5%,0.1%"
2268,黄东赫,9.3,熔炉,"孔刘,郑裕美,金贤秀,郑仁絮,白承焕",2011,剧情,韩国,韩语,2011-09-22,125,1039634,"71.3%,25.0%,3.4%,0.2%,0.1%"
2269,孔笙,9.4,父母爱情,"郭涛,梅婷,刘琳,任帅,刘奕君",2014,"爱情,家庭",中国大陆,汉语普通话,2014-02-02,52,452919,"75.6%,19.5%,3.5%,0.6%,0.8%"
2270,伍迪·艾伦,8.6,安妮·霍尔,"伍迪·艾伦,黛安·基顿,托尼·罗伯茨,卡罗尔·凯恩,保罗·西蒙",1977,"剧情,喜剧,爱情",美国,"英语,德语",1977-04-20,93,139463,"46.3%,41.4%,10.9%,1.1%,0.4%"
2271,"肖恩·利维,马特·达菲,罗斯·达菲,弗兰克·德拉邦特",9.2,怪奇物语 第五季,"米莉·波比·布朗,薇诺娜·瑞德,大卫·哈伯,菲恩·伍法德,伽塔·马塔拉佐",2025,"剧情,科幻,悬疑,惊悚,恐怖,奇幻",美国,英语,2025-11-26,52,208094,"69.2%,22.4%,6.6%,1.2%,0.6%"
2272,理查德·柯蒂斯,8.8,时空恋旅人,"多姆纳尔·格里森,瑞秋·麦克亚当斯,比尔·奈伊,莉迪亚·威尔逊,琳赛·邓肯",2013,"喜剧,爱情,奇幻","英国,美国",英语,2013-09-04,123,801248,"52.8%,36.2%,9.9%,0.8%,0.2%"
2273,孔大山,8.0,宇宙探索编辑部,"杨皓宇,艾丽娅,王一通,蒋奇明,盛晨晨",2021,"喜剧,科幻",中国大陆,汉语普通话,2023-04-01,118,725158,"31.7%,43.1%,19.6%,4.0%,1.6%"
2274,达米安·麦卡锡,6.1,幽旅巫咒,"亚当·斯科特,大卫·威尔莫特,奥斯丁·阿梅里奥,弗洛伦丝·奥德什,彼得·库南",2026,恐怖,"爱尔兰,美国",英语,2026-03-14,101,6979,"6.4%,21.7%,47.2%,20.5%,4.2%"
2275,加雷斯·埃文斯,7.9,突袭,"伊科·乌艾斯,林科灯,唐尼·阿兰西亚,雅彦·鲁伊安,皮埃尔 格伦特",2011,"动作,惊悚,犯罪","印度尼西亚,法国,美国",印度尼西亚语,2011-09-08,101,99993,"25.1%,47.6%,23.7%,2.8%,0.7%"
2276,托德·菲利普斯,8.7,小丑,"华金·菲尼克斯,罗伯特·德尼罗,马克·马龙,莎姬·贝兹,谢伊·惠格姆",2019,"剧情,惊悚,犯罪","美国,加拿大",英语,2019-08-31,122,1132021,"51.0%,37.3%,10.0%,1.1%,0.6%"
2277,辛爽,8.8,隐秘的角落,"秦昊,王景春,荣梓杉,史彭元,王圣迪",2020,"剧情,悬疑,犯罪",中国大陆,汉语普通话,2020-06-16,79,1275051,"50.1%,39.7%,9.0%,0.8%,0.3%"
2278,斯里兰姆·拉格万,8.2,调音师,"阿尤斯曼·库拉纳,塔布,拉迪卡·艾普特,安尔·德霍万,马纳夫·维吉",2018,"喜剧,悬疑,惊悚,犯罪",印度,"印地语,英语",2019-04-03,139,1017572,"32.1%,49.1%,16.6%,1.8%,0.3%"
2279,陈奕甫,9.0,沉默的真相,"廖凡,白宇,谭卓,宁理,黄尧",2020,"剧情,悬疑,犯罪",中国大陆,汉语普通话,2020-09-16,88,1049561,"61.1%,30.4%,7.5%,0.8%,0.2%"
2280,罗伯·莱纳,8.5,危情十日,"詹姆斯·肯恩,凯西·贝茨,理查德·法恩斯沃斯,弗朗西斯·斯特恩哈根 ,劳伦·白考尔",1990,"剧情,惊悚,犯罪",美国,英语,1990-11-30,107,108718,"37.1%,51.1%,11.0%,0.6%,0.2%"
2281,李安,9.2,饮食男女,"郎雄,杨贵媚,吴倩莲,王渝文,张艾嘉",1994,"剧情,家庭","中国台湾,美国","汉语普通话,闽南语,湖南话",1994-07-02,124,730770,"64.5%,30.4%,4.8%,0.3%,0.1%"
2282,吴京,7.1,战狼2,"吴京,弗兰克·格里罗,吴刚,张翰,卢靖姗",2017,"动作,战争",中国大陆,"汉语普通话,英语",2017-07-27,123,952853,"22.3%,32.4%,29.9%,9.3%,6.1%"
2283,程小东,8.8,倩女幽魂,"张国荣,王祖贤,午马,刘兆铭,林威",1987,"爱情,奇幻,武侠,古装",中国香港,粤语,2011-04-30,96,841557,"49.3%,40.9%,9.3%,0.5%,0.1%"
2284,尹力,9.4,无悔追踪,"王志文,刘佩琦,岳秀清,何冰,孔琳",1996,"剧情,悬疑,家庭,历史",中国大陆,汉语普通话,,49,21729,"76.1%,19.3%,3.5%,0.5%,0.5%"
2285,"薛晓路,文晔",7.9,危险关系,"孙俪,吴慷仁,王戈,陈玺旭,陶慧",2026,剧情,中国大陆,汉语普通话,2026-03-31,60,86229,"30.2%,45.0%,18.8%,4.0%,2.0%"
2286,"露西亚·安尼洛,保罗·当斯",9.3,绝望写手 第二季,"珍·斯玛特,汉娜·爱宾德,罗斯·阿卜杜,赵牡丹,苏茜·伊斯曼",2022,喜剧,美国,英语,2022-05-12,73,33829,"70.0%,26.2%,3.5%,0.2%,0.1%"
2287,昆汀·塔伦蒂诺,8.9,低俗小说,"约翰·特拉沃尔塔,乌玛·瑟曼,阿曼达·普拉莫,蒂姆·罗斯,塞缪尔·杰克逊",1994,"剧情,喜剧,犯罪",美国,"英语,西班牙语,法语",1994-05-12,154,965837,"55.8%,34.4%,8.7%,0.9%,0.3%"
2288,陈佩斯,7.8,戏台,"陈佩斯,黄渤,姜武,尹正,杨皓宇",2025,"剧情,喜剧","中国大陆,中国香港",汉语普通话,2025-07-25,117,324593,"26.4%,44.5%,24.7%,3.6%,0.9%"
2289,宫崎骏,8.9,幽灵公主,"松田洋治,石田百合子,田中裕子,小林薰,西村雅彦",1997,"动画,奇幻,冒险",日本,日语,2025-05-01,134,675007,"56.5%,34.5%,8.2%,0.6%,0.2%"
2290,乔恩·费儒,8.4,钢铁侠,"小罗伯特·唐尼,格温妮斯·帕特洛,泰伦斯·霍华德,杰夫·布里吉斯,莱丝莉·比伯",2008,"动作,科幻,惊悚,冒险",美国,"英语,波斯语,乌尔都语,阿拉伯语",2008-04-30,126,665231,"38.6%,46.1%,14.3%,0.8%,0.2%"
2291,大森贵弘,8.8,萤火之森,"佐仓绫音,内山昂辉,辻亲八,山本兼平,后藤弘树",2011,"剧情,爱情,动画,奇幻",日本,日语,2011-09-17,45,617283,"54.4%,34.3%,10.1%,0.9%,0.3%"
2292,大卫·芬奇,8.7,消失的爱人,"本·阿弗莱克,裴淳华,尼尔·帕特里克·哈里斯,凯莉·库恩,泰勒·派瑞",2014,"剧情,悬疑,惊悚,犯罪",美国,英语,2014-09-26,149,1081060,"47.6%,42.6%,8.9%,0.6%,0.2%"
2293,格斯·范·桑特,9.0,心灵捕手,"马特·达蒙,罗宾·威廉姆斯,本·阿弗莱克,斯特兰·斯卡斯加德,明妮·德里弗",1997,剧情,美国,英语,1997-12-05,126,819858,"56.6%,35.4%,7.3%,0.5%,0.2%"
2294,比利·怀尔德,8.8,桃色公寓,"杰克·莱蒙,雪莉·麦克雷恩,弗莱德·麦克莫瑞,雷·沃尔斯顿,杰克·克鲁申",1960,"剧情,喜剧,爱情",美国,英语,1960-06-15,125,66652,"51.2%,40.8%,7.4%,0.5%,0.1%"
2295,布莱恩·德·帕尔玛,7.6,魔女嘉莉,"茜茜·斯派塞克,派珀·劳瑞,艾米·欧文,威廉·卡特,贝蒂·巴克利",1976,"剧情,恐怖",美国,英语,1976-11-03,98,46863,"18.9%,48.3%,29.3%,3.0%,0.6%"
2296,金湲锡,9.4,苦尽柑来遇见你,"李知恩,朴宝剑,文素利,朴解浚,廉惠兰",2025,"剧情,爱情,历史",韩国,韩语,2025-03-07,32,338204,"79.4%,15.4%,3.7%,0.8%,0.8%"
2297,理查德·林克莱特,8.9,爱在日落黄昏时,"伊桑·霍克,朱莉·德尔佩,弗农·多布切夫,路易丝·勒莫瓦纳·托雷斯,罗多尔·保利",2004,"剧情,爱情","美国,法国","英语,法语",2004-02-10,80,661030,"56.5%,33.7%,8.6%,0.9%,0.3%"
2298,罗伯·莱纳,8.9,伴我同行,"瑞凡·菲尼克斯,威尔·惠顿,科里·费尔德曼,杰瑞·奥康奈尔,约翰·库萨克",1986,"剧情,儿童,冒险",美国,英语,1986-08-08,89,129335,"55.0%,36.7%,7.7%,0.5%,0.2%"
2299,卢卡·瓜达尼诺,8.8,请以你的名字呼唤我,"艾米·汉莫,提莫西·查拉梅,迈克尔·斯图巴,阿蜜拉·卡萨,艾斯特·加瑞尔",2017,"剧情,爱情,同性","意大利,法国,巴西,美国","英语,意大利语,法语,德语,希伯来语",2017-01-22,132,831876,"54.7%,33.3%,10.1%,1.3%,0.5%"
2300,宫崎骏,8.6,崖上的波妞,"神月柚莉爱,土井洋辉,山口智子,长岛一茂,天海祐希",2008,"动画,奇幻,冒险",日本,日语,2020-12-31,101,581493,"45.9%,41.1%,12.0%,0.8%,0.2%"
2301,张黎,9.8,大明王朝1566,"陈宝国,黄志忠,王庆祥,倪大红,祝希娟",2007,"剧情,历史,古装",中国大陆,汉语普通话,2007-01-08,63,366247,"90.1%,8.5%,1.0%,0.2%,0.2%"
2302,和晓丹,7.6,蒙特利尔，我的美人,"陈冲,夏洛特·奥宾,埃米莉·科泰,John Xu,Pei Yao Xu",2025,"剧情,同性",加拿大,"法语,汉语普通话",2025-10-12,117,17185,"18.8%,46.6%,30.2%,3.6%,0.8%"
2303,"肖恩·利维,马特·达菲,罗斯·达菲",9.1,怪奇物语 第一季,"薇诺娜·瑞德,大卫·哈伯,米莉·波比·布朗,菲恩·伍法德,伽塔·马塔拉佐",2016,"剧情,恐怖,奇幻",美国,英语,2016-07-15,72,518518,"63.0%,29.9%,6.2%,0.6%,0.3%"
2304,西娅·夏罗克,6.3,女士优先,"萨莎·拜伦·科恩,裴淳华,汤姆·戴维斯,艾米莉·莫迪默,韦鲁切·欧皮亚",2026,"喜剧,爱情",美国,英语,2026-05-22,90,11467,"8.3%,22.0%,48.6%,17.3%,3.9%"
2305,比利·怀尔德,8.9,热情如火,"玛丽莲·梦露,托尼·柯蒂斯,杰克·莱蒙,乔治·拉夫特,帕特·奥布莱恩",1959,喜剧,美国,英语,1959-03-19,121,85977,"55.8%,36.4%,7.1%,0.5%,0.2%"
2306,马库斯·施莱泽,8.7,罗斯,"桑德拉·惠勒,卡洛·布劳恩,玛丽莎·格罗瓦尔德,戈德哈尔德·吉瑟,奥古斯丁诺·伦肯",2026,剧情,"奥地利,德国",德语,2026-02-15,94,4783,"49.4%,38.6%,10.5%,1.2%,0.3%"
2307,"哈利·布拉德比尔,恩辛哈·斯图尔特,阿莱西娅·琼斯,格雷格·艾坦尼斯",7.2,暗影蜘蛛侠,"尼古拉斯·凯奇,拉蒙尼·莫里斯,凯伦·罗德里格斯,李丽君,布莱丹·格里森",2026,"剧情,动作,科幻,悬疑,惊悚,犯罪,奇幻,冒险",美国,英语,2026-05-27,97,10813,"16.9%,39.2%,34.5%,7.0%,2.3%"
2308,"周申,刘露",8.3,驴得水,"任素汐,大力,刘帅良,裴魁山,阿如那",2016,"剧情,喜剧",中国大陆,汉语普通话,2016-10-28,111,1004346,"38.2%,43.3%,15.0%,2.5%,0.9%"
2309,奉俊昊,8.9,杀人回忆,"宋康昊,金相庆,金雷夏,宋在浩,边希峰",2003,"剧情,动作,悬疑,惊悚,犯罪",韩国,"韩语,英语",2003-05-02,132,844077,"55.0%,36.8%,7.4%,0.6%,0.2%"
2310,李·克罗宁,6.1,木乃伊,"杰克·莱诺,莱娅·科斯塔,梅·卡拉美维,娜塔莉·格蕾斯,希洛·莫利纳",2026,恐怖,"爱尔兰,美国,西班牙,加拿大","英语,西班牙语,阿拉伯语",2026-04-15,134,18210,"6.6%,20.9%,49.4%,18.4%,4.8%"
2311,"木头,皇贞季,顾杰",8.0,罗小黑战记,"山新,郝祥海,刘明月,曹云图,叮当",2019,"动作,动画,奇幻",中国大陆,汉语普通话,2019-09-07,101,638385,"32.2%,41.9%,21.7%,3.3%,0.9%"
2312,朴俊宇,8.3,模范出租车,"李帝勋,李絮,金义城,表艺珍,车智妍",2021,剧情,韩国,韩语,2021-04-09,85,98265,"36.4%,44.1%,16.6%,2.0%,0.9%"
2313,詹姆斯·沃德·布柯特,8.6,彗星来的那一夜,"艾米丽·芭尔多尼,莫瑞·史特林,尼古拉斯·布兰登,劳伦·斯卡法莉娅,伊丽莎白·格瑞斯",2013,"科幻,悬疑,惊悚","美国,英国",英语,2013-09-19,89,694329,"44.1%,42.5%,11.8%,1.2%,0.4%"
2314,袁梅,6.7,蜂蜜的针,"袁泉,耿乐,宁静,俞飞鸿,齐溪",2026,"爱情,悬疑,犯罪",中国大陆,汉语普通话,2026-03-28,119,51921,"10.6%,33.1%,41.4%,11.5%,3.4%"
2315,安吉镐,9.0,黑暗荣耀 第二季,"宋慧乔,李到晛,林智妍,郑成日,廉惠兰",2023,"剧情,悬疑",韩国,韩语,2023-03-10,42,589210,"61.4%,30.9%,6.7%,0.6%,0.3%"
2316,王家卫,8.8,花样年华,"张曼玉,梁朝伟,潘迪华,雷震,萧炳林",2000,"剧情,爱情",中国香港,"粤语,沪语,法语",2000-11-24,103,813889,"50.6%,39.3%,9.2%,0.7%,0.2%"
2317,"申元浩,刘学灿",9.7,请回答1988,"成东日,李一花,罗美兰,金成畇,崔武成",2015,"剧情,喜剧,爱情",韩国,韩语,2015-11-06,39,1051074,"87.6%,10.0%,1.6%,0.3%,0.5%"
2318,朴赞郁,8.5,小姐,"金珉禧,金泰梨,河正宇,赵震雄,文素利",2016,"剧情,悬疑,情色,同性",韩国,"韩语,日语",2016-05-14,145,586081,"43.1%,43.0%,12.5%,1.1%,0.3%"
2319,王家卫,8.8,重庆森林,"林青霞,金城武,梁朝伟,王菲,周嘉玲",1994,"剧情,爱情",中国香港,"粤语,汉语普通话,英语,印地语,日语",1994-07-14,102,929602,"51.3%,37.6%,9.9%,0.9%,0.3%"
2320,夏洛特·威尔斯,8.2,晒后假日,"保罗·麦斯卡,弗兰基·科里奥,西莉亚·罗森-豪尔,萨莉·梅瑟姆,艾斯·帕拉克",2022,剧情,"英国,美国",英语,2022-05-21,101,137344,"33.4%,46.7%,17.5%,1.9%,0.4%"
2321,西德尼·波拉克,8.7,走出非洲,"梅丽尔·斯特里普,罗伯特·雷德福,克劳斯·马利亚·布朗道尔,迈克尔·基臣,马利克·鲍恩斯",1985,"剧情,爱情,传记,冒险",美国,"英语,斯瓦希里语",1985-12-10,161,110229,"46.6%,40.9%,11.3%,0.9%,0.2%"
2322,克里斯托弗·诺兰,8.8,奥本海默,"基里安·墨菲,艾米莉·布朗特,马特·达蒙,小罗伯特·唐尼,弗洛伦丝·皮尤",2023,"剧情,传记,历史","美国,英国","英语,德语,荷兰语,意大利语,意第绪语",2023-08-30,180,829647,"52.1%,36.4%,10.0%,1.1%,0.4%"
2323,迈克尔·曼,8.6,盗火线,"阿尔·帕西诺,罗伯特·德尼罗,方·基默,乔恩·沃伊特,汤姆·塞兹摩尔",1995,"剧情,动作,惊悚,犯罪",美国,"英语,西班牙语",1995-12-15,170,159229,"43.8%,42.6%,12.3%,1.1%,0.3%"
2324,詹姆斯·卡梅隆,7.8,阿凡达：水之道,"萨姆·沃辛顿,佐伊·索尔达娜,西格妮·韦弗,史蒂芬·朗,克利夫·柯蒂斯",2022,"动作,科幻,冒险",美国,英语,2022-12-16,193,680494,"25.7%,43.7%,25.6%,4.0%,1.0%"
2325,帕维乌·帕夫利科夫斯基,7.7,故土,"桑德拉·惠勒,汉斯·齐施勒,奥古斯特·迪赫,大卫·史崔梭德,安娜·梅德利",2026,"剧情,传记","波兰,德国,意大利,法国",德语,2026-05-14,82,1512,"19.0%,51.7%,24.9%,4.1%,0.3%"
2326,娜塔莉·埃丽卡·詹姆斯,6.0,糖精,"米多莉·弗朗西斯,玛德琳·麦登,丹妮尔·麦克唐纳,安娜·亚当斯,约瑟夫·鲍德温",2026,"剧情,科幻,恐怖",澳大利亚,英语,2026-01-22,112,1425,"4.5%,19.9%,52.7%,17.6%,5.2%"
2327,弗兰克·卡普拉,9.2,生活多美好,"詹姆斯·斯图尔特,唐娜·里德,莱昂纳尔·巴里摩尔,托马斯·米切尔,亨利·崔佛斯",1946,"剧情,爱情,奇幻",美国,"英语,法语",1946-12-20,130,121514,"68.4%,25.5%,5.3%,0.5%,0.2%"
2328,露西亚·安尼洛,9.4,绝望写手 第三季,"珍·斯玛特,汉娜·爱宾德,保罗·当斯,梅根·斯塔尔特,卡尔·克莱蒙斯-霍普金斯",2024,"剧情,喜剧",美国,英语,2024-05-02,46,28974,"73.9%,22.5%,3.2%,0.3%,0.1%"
2329,比利·怀尔德,8.5,双重赔偿,"弗莱德·麦克莫瑞,芭芭拉·斯坦威克,爱德华·罗宾逊,波特·霍尔,琼·希瑟",1944,"剧情,悬疑,惊悚,犯罪,黑色电影",美国,英语,1944-07-03,107,55245,"37.5%,51.6%,10.3%,0.5%,0.1%"
2330,韩延,7.2,送你一朵小红花,"易烊千玺,刘浩存,朱媛媛,高亚麟,夏雨",2020,剧情,中国大陆,汉语普通话,2020-12-31,128,812889,"14.6%,40.1%,36.7%,7.0%,1.7%"
2331,肯尼思·洛纳根,8.6,海边的曼彻斯特,"卡西·阿弗莱克,卢卡斯·赫奇斯,米歇尔·威廉姆斯,C·J·威尔逊,凯尔·钱德勒",2016,"剧情,家庭",美国,英语,2017-08-25,137,661870,"43.9%,43.4%,11.5%,1.0%,0.2%"
2332,黎志,8.5,问心,"赵又廷,毛晓彤,金世佳,陈冲,陈昊宇",2023,剧情,中国大陆,汉语普通话,2023-10-07,39,104256,"41.2%,45.2%,11.6%,1.3%,0.7%"
2333,乔斯·韦登,8.3,复仇者联盟,"小罗伯特·唐尼,克里斯·埃文斯,克里斯·海姆斯沃斯,斯嘉丽·约翰逊,杰瑞米·雷纳",2012,"动作,科幻,奇幻,冒险",美国,"英语,俄语",2012-05-05,142,707065,"35.3%,45.9%,16.8%,1.5%,0.5%"
2334,金雄豪,5.9,良陈美锦,"任敏,此沙,董思成,黄羿,吴刚",2026,"剧情,古装",中国大陆,汉语普通话,2026-05-03,40,27727,"8.8%,19.3%,38.6%,23.2%,10.1%"
2335,"马克·奥斯本,约翰·斯蒂文森",8.3,功夫熊猫,"杰克·布莱克,达斯汀·霍夫曼,安吉丽娜·朱莉,伊恩·麦柯肖恩,成龙",2008,"喜剧,动作,动画,冒险",美国,英语,2008-06-20,92,646512,"32.4%,49.9%,16.5%,0.9%,0.2%"
2336,格蕾塔·葛韦格,8.0,芭比,"玛格特·罗比,瑞恩·高斯林,亚美莉卡·费雷拉,阿丽亚娜·格林布拉特,凯特·麦克金农",2023,"喜剧,奇幻,冒险","美国,英国","英语,西班牙语",2023-07-21,114,793255,"33.5%,39.1%,22.2%,3.9%,1.3%"
2337,史蒂文·斯皮尔伯格,9.1,拯救大兵瑞恩,"汤姆·汉克斯,汤姆·塞兹摩尔,爱德华·伯恩斯,巴里·佩珀,亚当·戈德堡",1998,"剧情,战争",美国,"英语,法语,德语,捷克语",1998-11-13,169,729262,"60.5%,32.6%,6.3%,0.4%,0.2%"
2338,尹丽川 ,8.8,出走的决心,"咏梅,姜武,吴倩,张本煜,马苏",2024,"剧情,家庭",中国大陆,"汉语普通话,河南方言,四川方言",2024-09-15,106,434282,"53.3%,36.0%,9.3%,1.0%,0.4%"
2339,"露西亚·安尼洛,保罗·当斯",9.2,绝望写手 第四季,"珍·斯玛特,汉娜·爱宾德,保罗·当斯,梅根·斯塔尔特,卡尔·克莱蒙斯-霍普金斯",2025,"剧情,喜剧",美国,"英语,汉语普通话",2025-04-10,73,25485,"65.4%,27.8%,6.2%,0.5%,0.2%"
2340,张吃鱼,6.6,独行月球,"沈腾,马丽,常远,李诚儒,黄才伦",2022,"喜剧,科幻",中国大陆,"汉语普通话,英语",2022-07-29,122,766321,"10.0%,29.9%,44.1%,12.6%,3.3%"
2341,凯尔西·曼,8.4,头脑特工队2,"艾米·波勒,玛雅·霍克,肯辛顿·托尔曼,莉萨·拉皮拉,托尼·海尔",2024,"剧情,喜剧,动画,奇幻,冒险",美国,英语,2024-06-21,96,375485,"38.6%,44.3%,15.8%,1.1%,0.2%"
2342,"孔笙,李雪",9.4,琅琊榜,"胡歌,刘涛,王凯,陈龙,黄维德",2015,"剧情,古装",中国大陆,汉语普通话,2015-09-19,74,935879,"76.6%,18.8%,3.3%,0.5%,0.8%"
2343,戴墨,7.6,三大队,"张译,李晨,魏晨,曹炳琨,王骁",2023,"剧情,犯罪",中国大陆,汉语普通话,2023-12-15,132,546046,"19.3%,47.0%,29.5%,3.5%,0.7%"
2344,李道允,8.3,重症外伤中心,"朱智勋,秋泳愚,贺营,郑在光,尹敬浩",2025,剧情,韩国,韩语,2025-01-24,95,58800,"37.9%,43.3%,16.1%,2.0%,0.7%"
2345,"黄家康,赵霁",7.8,白蛇：缘起,"张喆,杨天翔,唐小喜,刘薇,张遥函",2019,"爱情,动画,奇幻","中国大陆,美国",汉语普通话,2019-01-11,99,826928,"23.5%,45.3%,27.4%,3.3%,0.5%"
2346,安东尼·明格拉,8.5,英国病人,"拉尔夫·费因斯,朱丽叶·比诺什,威廉·达福,克里斯汀·斯科特·托马斯,纳威恩·安德利维斯",1996,"剧情,爱情,战争","美国,英国","英语,德语,意大利语,阿拉伯语",1996-12-06,162,299770,"41.9%,43.1%,13.5%,1.2%,0.3%"
2347,雷尼·哈林,5.2,深水,"艾伦·艾克哈特,本·金斯利,安格斯·桑普森,露西·巴雷特,理查德·克劳奇利",2026,"剧情,动作,惊悚,恐怖","西班牙,新西兰,美国,中国大陆","英语,汉语普通话",2026-04-10,106,1317,"4.4%,8.3%,42.2%,33.1%,12.0%"
2348,弗朗西斯·福特·科波拉,9.3,教父2,"阿尔·帕西诺,罗伯特·杜瓦尔,黛安·基顿,罗伯特·德尼罗,约翰·凯泽尔",1974,"剧情,犯罪",美国,"英语,意大利语,西班牙语,拉丁语,西西里语",1974-12-12,202,644168,"69.0%,25.9%,4.6%,0.3%,0.2%"
2349,罗曼·波兰斯基,9.3,钢琴家,"阿德里安·布罗迪,托马斯·克莱舒曼,艾米莉娅·福克斯,米哈乌·热布罗夫斯基,埃德·斯托帕德",2002,"剧情,音乐,传记,战争","英国,法国,波兰,德国,美国","英语,德语,俄语",2002-05-24,149,754088,"68.1%,27.4%,4.1%,0.2%,0.2%"
2350,罗伯特·怀斯,9.1,音乐之声,"朱莉·安德鲁斯,克里斯托弗·普卢默,埃琳诺·帕克,理查德·海顿,佩吉·伍德",1965,"剧情,爱情,歌舞,传记",美国,"英语,德语",1965-03-02,174,687780,"62.8%,30.7%,6.1%,0.3%,0.1%"
2351,宫崎骏,8.7,魔女宅急便,"高山南,佐久间玲,户田惠子,山口胜平,信泽三惠子",1989,"动画,奇幻,冒险",日本,日语,1989-07-29,103,529900,"48.1%,41.7%,9.7%,0.4%,0.1%"
2352,"郭虎,任海涛",8.5,莲花楼,"成毅,曾舜晞,肖顺尧,陈都灵,王鹤润",2023,"剧情,悬疑,武侠,古装",中国大陆,汉语普通话,2023-07-23,48,939148,"46.7%,36.6%,13.2%,2.0%,1.5%"
2353,托尼·凯耶,9.0,超脱,"阿德里安·布罗迪,马西娅·盖伊·哈登,詹姆斯·肯恩,克里斯蒂娜·亨德里克斯,刘玉玲",2011,剧情,美国,英语,2011-04-25,98,728525,"59.3%,32.3%,7.4%,0.7%,0.2%"
2354,许诚毅,6.7,捉妖记,"白百何,井柏然,姜武,金燕玲,钟汉良",2015,"喜剧,奇幻,古装","中国大陆,中国香港",汉语普通话,2015-07-16,118,581471,"10.5%,31.7%,44.9%,9.7%,3.1%"
2355,"普特鹏·普罗萨卡·那·萨克那卡林,华森·波克彭",8.5,初恋这件小事,"平采娜·乐维瑟派布恩,马里奥·毛瑞尔,苏达拉·布查蓬,雅尼卡·桑普蕾舞,诺特·阿查拉那·阿瑞亚卫考",2010,"剧情,喜剧,爱情",泰国,"泰语,印度尼西亚语,英语",2012-06-05,118,1057953,"42.4%,41.5%,14.5%,1.3%,0.3%"
2356,克里斯托弗·诺兰,8.9,致命魔术,"休·杰克曼,克里斯蒂安·贝尔,迈克尔·凯恩,丽贝卡·豪尔,斯嘉丽·约翰逊",2006,"剧情,悬疑,惊悚","英国,美国",英语,2006-10-17,130,969388,"54.5%,36.8%,7.9%,0.6%,0.2%"
2357,基里尔·索科洛夫,6.8,杀的就是你,"莎姬·贝兹,帕特丽夏·阿奎特,米哈拉·赫罗德,汤姆·费尔顿,佩特逊·约瑟夫",2026,"喜剧,动作,恐怖",美国,英语,2026-02-27,95,25049,"11.0%,32.3%,45.8%,9.1%,1.8%"
2358,伊尔蒂科·茵叶蒂,7.9,寂静的朋友,"梁朝伟,卢娜·韦德勒,恩佐·布鲁姆,蕾雅·赛杜,西尔维斯特·格罗特",2025,"剧情,科幻","德国,匈牙利,法国,中国大陆","英语,粤语,德语",2026-04-25,147,35425,"25.3%,46.9%,24.0%,3.1%,0.7%"
2359,北野武,8.9,菊次郎的夏天,"北野武,关口雄介,岸本加世子,吉行和子,细川典江",1999,"剧情,喜剧",日本,日语,2020-09-25,121,678731,"54.6%,35.7%,8.7%,0.8%,0.2%"
2360,宫崎骏,7.5,你想活出怎样的人生,"山时聪真,菅田将晖,柴崎幸,爱缪,木村佳乃",2023,"动画,奇幻,冒险",日本,日语,2024-04-03,124,454055,"21.2%,41.7%,31.1%,4.9%,1.2%"
2361,朗·霍华德,9.1,美丽心灵,"罗素·克劳,艾德·哈里斯,詹妮弗·康纳利,克里斯托弗·普卢默,保罗·贝坦尼",2001,"剧情,传记",美国,英语,2001-12-13,135,856906,"60.0%,33.4%,6.1%,0.4%,0.1%"
2362,"宋阳,张吃鱼",6.8,羞羞的铁拳,"艾伦,马丽,沈腾,田雨,宋阳",2017,"喜剧,奇幻",中国大陆,汉语普通话,2017-09-30,100,767515,"11.0%,32.9%,43.4%,10.2%,2.5%"
2363,丹尼尔·钟,7.4,河狸变身计划,"佩珀·柯达,鲍比·莫尼汉,乔恩·哈姆,凯茜·纳基麦,戴夫·弗兰科",2026,"喜剧,科幻,动画",美国,英语,2026-03-20,105,99790,"20.3%,38.7%,32.8%,6.6%,1.6%"
2364,大卫·弗兰科尔,6.6,穿普拉达的女王2,"梅丽尔·斯特里普,安妮·海瑟薇,艾米莉·布朗特,斯坦利·图齐,贾斯汀·塞洛克斯",2026,"剧情,喜剧",美国,"英语,意大利语",2026-04-30,120,67527,"10.6%,27.5%,45.2%,13.1%,3.6%"
2365,"泰勒·吉勒特,马特·贝蒂内利-奥尔平",6.0,准备好了没2：我来了,"萨玛拉·维文,凯瑟琳·纽顿,伊利亚·伍德,莎拉·米歇尔·盖拉,肖恩·海托西",2026,"喜剧,惊悚,恐怖","美国,加拿大",英语,2026-03-13,108,19702,"6.2%,17.0%,51.5%,20.8%,4.6%"
2366,"田口桂,松浦健志",8.0,伪装的真实之吻,"佐藤友祐,堀海登,平井亚门,财津优太郎,堀口壹吹",2026,"喜剧,爱情,同性",日本,日语,2026-04-23,64,2745,"32.8%,39.0%,22.6%,4.1%,1.5%"
2367,邓肯·琼斯,8.6,源代码,"杰克·吉伦哈尔,维拉·法米加,米歇尔·莫纳汉,杰弗里·怀特,拉塞尔·皮特斯",2011,"科幻,悬疑,惊悚","美国,加拿大",英语,2011-08-30,93,934553,"40.9%,47.0%,11.4%,0.6%,0.1%"
2368,山姆·雷米,6.6,请求救援,"瑞秋·麦克亚当斯,迪伦·奥布莱恩,伊迪尔·伊斯梅尔,丹尼斯·海斯伯特,泽维尔·塞缪尔",2026,"惊悚,恐怖,冒险","美国,加拿大,英国,澳大利亚,泰国",英语,2026-01-28,113,28883,"8.6%,29.8%,48.5%,10.5%,2.6%"
2369,鲁衍甫,5.3,乘风2026,"齐思钧,萧蔷,范玮琪,徐洁儿,乌兰图雅",2026,"音乐,真人秀",中国大陆,汉语普通话,2026-04-03,64,25839,"10.7%,16.9%,26.3%,16.9%,29.2%"
2370,克里斯托弗·诺兰,8.9,蝙蝠侠：黑暗骑士崛起,"克里斯蒂安·贝尔,汤姆·哈迪,安妮·海瑟薇,约瑟夫·高登-莱维特,玛丽昂·歌迪亚",2012,"剧情,动作,科幻,惊悚,犯罪","美国,英国","英语,阿拉伯语",2012-08-27,165,820054,"54.4%,35.7%,8.9%,0.7%,0.2%"
2371,"安东尼·罗素,乔·罗素",8.1,复仇者联盟3：无限战争,"小罗伯特·唐尼,克里斯·埃文斯,克里斯·海姆斯沃斯,斯嘉丽·约翰逊,马克·鲁法洛",2018,"动作,科幻,奇幻,冒险",美国,英语,2018-05-11,149,824625,"33.3%,43.6%,19.9%,2.4%,0.9%"
2372,管虎,7.5,八佰,"王千源,张译,姜武,黄志忠,张俊一",2020,"剧情,历史,战争",中国大陆,"汉语普通话,日语,英语",2020-08-21,147,889086,"18.5%,45.3%,30.2%,4.3%,1.6%"
2373,梅尔·吉布森,8.7,血战钢锯岭,"安德鲁·加菲尔德,萨姆·沃辛顿,文斯·沃恩,雨果·维文,卢克·布雷西",2016,"剧情,传记,历史,战争","澳大利亚,美国","英语,日语",2016-12-08,139,865326,"46.4%,41.6%,10.8%,0.9%,0.2%"
2374,蒂姆·波顿,8.3,查理和巧克力工厂,"约翰尼·德普,弗莱迪·海默,海伦娜·伯翰·卡特,克里斯托弗·李,诺亚·泰勒",2005,"喜剧,奇幻,冒险","美国,英国,澳大利亚",英语,2005-07-15,115,587445,"35.9%,45.8%,16.7%,1.3%,0.2%"
2375,昆汀·塔伦蒂诺,8.4,杀死比尔,"乌玛·瑟曼,刘玉玲,薇薇卡·福克斯,达丽尔·汉纳,大卫·卡拉丁",2003,"动作,惊悚,犯罪",美国,"英语,日语,法语",2003-09-29,111,635818,"38.8%,43.7%,15.1%,1.9%,0.5%"
2376,"冢原亚由子,竹村谦太郎,村尾嘉昭",9.5,非自然死亡,"石原里美,井浦新,洼田正孝,市川实日子,松重丰",2018,"剧情,悬疑",日本,日语,2018-01-12,39,761274,"76.5%,20.4%,2.8%,0.2%,0.1%"
2377,姜文,9.3,鬼子来了,"姜文,香川照之,袁丁,姜宏波,丛志军",2000,"剧情,喜剧",中国大陆,"汉语普通话,日语,唐山话",2000-05-12,139,719003,"71.3%,23.8%,4.3%,0.3%,0.2%"
2378,万力,7.4,震耳欲聋,"檀健次,兰西雅,王戈,潘斌龙,王砚辉",2025,"剧情,犯罪",中国大陆,"汉语普通话,中国手语",2025-10-04,125,267903,"18.9%,37.5%,36.9%,5.4%,1.2%"
2379,"宁浩,徐峥,陈思诚,闫非,彭大魔,邓超,俞白眉",7.0,我和我的家乡,"葛优,黄渤,范伟,邓超,沈腾",2020,"剧情,喜剧",中国大陆,汉语普通话,2020-10-01,153,717361,"12.1%,37.6%,39.2%,9.0%,2.2%"
2380,"巨兴茂,郭世民",8.0,唐朝诡事录之长安,"杨旭文,杨志刚,郜思雯,陈创,孙雪宁",2025,"动作,悬疑,惊悚,犯罪,奇幻,冒险",中国大陆,汉语普通话,2025-11-08,73,194623,"30.8%,43.9%,20.7%,3.5%,1.1%"
2381,刘循子墨,7.4,扬名立万,"尹正,邓家佳,喻恩泰,杨皓宇,陈明昊",2021,"剧情,喜剧,悬疑",中国大陆,汉语普通话,2021-11-11,123,863815,"13.6%,48.5%,31.6%,5.2%,1.1%"
2382,瑞奇·摩尔,8.7,无敌破坏王,"约翰·C·赖利,萨拉·西尔弗曼,杰克·麦克布瑞尔,简·林奇,艾伦·图代克",2012,"喜剧,动画,奇幻,冒险",美国,英语,2012-11-06,101,617281,"48.6%,40.3%,10.3%,0.6%,0.1%"
2383,文牧野,7.4,奇迹·笨小孩,"易烊千玺,田雨,陈哈琳,齐溪,公磊",2022,剧情,中国大陆,汉语普通话,2022-02-01,106,644680,"17.0%,42.5%,34.5%,4.4%,1.6%"
2384,"鲍勃·佩尔西凯蒂,彼得·拉姆齐,罗德尼·罗斯曼",8.6,蜘蛛侠：平行宇宙,"沙梅克·摩尔,杰克·约翰逊,海莉·斯坦菲尔德,马赫沙拉·阿里,布莱恩·泰里·亨利",2018,"动作,科幻,动画,冒险",美国,"英语,西班牙语",2018-12-21,116,764202,"44.1%,42.2%,12.5%,0.9%,0.2%"
2385,"明基·斯皮罗,凯特·丹尼斯",9.1,都是她的错,"莎拉·斯努克,达科塔·范宁,迈克尔·佩纳,杰克·莱西,索菲娅·莉莉丝",2025,"剧情,悬疑","美国,澳大利亚",英语,2025-11-06,85,235850,"63.6%,29.5%,5.8%,0.7%,0.4%"
2386,马克·赫尔曼,9.2,穿条纹睡衣的男孩,"阿萨·巴特菲尔德,维拉·法米加,卡拉·霍根,祖萨·霍尔,安贝尔·比蒂",2008,"剧情,战争","英国,美国","英语,西班牙语",2008-08-28,94,645048,"63.6%,31.3%,4.6%,0.3%,0.2%"
2387,陆觉,5.4,月鳞绮纪,"鞠婧祎,曾舜晞,陈都灵,田嘉瑞,闫桉",2026,"剧情,爱情,奇幻,古装",中国大陆,汉语普通话,2026-04-01,92,58000,"11.4%,13.9%,27.9%,25.3%,21.5%"
2388,斯科特·德瑞克森,7.6,奇异博士,"本尼迪克特·康伯巴奇,蒂尔达·斯文顿,麦斯·米科尔森,切瓦特·埃加福,瑞秋·麦克亚当斯",2016,"动作,奇幻,冒险",美国,英语,2016-11-04,115,627281,"18.9%,47.5%,29.9%,3.2%,0.5%"
2389,科拉莉·法尔雅,7.5,某种物质,"黛米·摩尔,玛格丽特·库里,丹尼斯·奎德,爱德华·汉密尔顿-克拉克,戈雷·阿布拉姆斯",2024,"剧情,恐怖","法国,英国,美国",英语,2024-05-19,141,300157,"21.6%,43.2%,27.8%,5.2%,2.1%"
2390,汉内斯·赫尔姆,8.9,一个叫欧维的男人决定去死,"罗夫·拉斯加德,巴哈·帕斯,托比亚斯·阿姆博瑞,菲利普·伯格,安娜-莱娜·布伦丁",2015,剧情,瑞典,"瑞典语,波斯语",2015-12-25,116,575238,"54.6%,37.3%,7.6%,0.5%,0.1%"
2391,让-皮埃尔·热内,8.7,天使爱美丽,"奥黛丽·塔图,马修·卡索维茨,吕菲斯,洛莱拉·克拉沃塔,塞尔·梅林",2001,"剧情,喜剧,爱情","法国,德国","法语,俄语",2001-04-25,122,1025695,"50.0%,36.7%,11.8%,1.2%,0.3%"
2392,尚敬,9.6,武林外传,"闫妮,姚晨,沙溢,喻恩泰,姜超",2006,"喜剧,武侠,古装",中国大陆,"汉语普通话,英语,粤语,上海话,陕西话,南京话",2006-01-02,100,668860,"83.9%,13.4%,2.2%,0.2%,0.2%"
2393,莱恩·约翰逊,7.6,利刃出鞘3,"丹尼尔·克雷格,乔什·奥康纳,格伦·克洛斯,乔什·布洛林,米拉·库尼斯",2025,"剧情,喜剧,悬疑,惊悚,犯罪",美国,英语,2025-09-06,144,112040,"16.7%,50.5%,29.6%,2.7%,0.5%"
2394,西德尼·吕美特,9.4,十二怒汉,"亨利·方达,马丁·鲍尔萨姆,约翰·菲德勒,李·科布,E.G.马绍尔",1957,剧情,美国,英语,1957-04-10,96,582444,"76.1%,20.6%,3.0%,0.2%,0.1%"
2395,大卫·叶茨,7.7,神奇动物在哪里,"埃迪·雷德梅恩,凯瑟琳·沃特斯顿,丹·福勒,艾莉森·萨多尔,科林·法瑞尔",2016,"剧情,奇幻,冒险","英国,美国",英语,2016-11-25,133,677753,"22.9%,45.1%,28.2%,3.2%,0.5%"
2396,达米恩·查泽雷,8.6,爆裂鼓手,"迈尔斯·特勒,J·K·西蒙斯,保罗·雷瑟,梅莉莎·班诺伊,奥斯汀·斯托维尔",2014,"剧情,音乐",美国,英语,2024-12-06,107,698495,"46.8%,40.2%,11.3%,1.2%,0.5%"
2397,瓦伦丁·卡迪奇,8.1,巴黎夏日,"布兰迪尼·马德克,英迪亚·海尔,阿卡帝·拉德夫,马蒂亚斯·雅克金,卢·德卢兹",2025,"剧情,喜剧",法国,"法语,英语,希腊语",2025-02-15,77,37398,"28.3%,52.0%,18.0%,1.3%,0.3%"
2398,土井裕泰,8.3,垫底辣妹,"有村架纯,伊藤淳史,吉田羊,田中哲司,野村周平",2015,"剧情,家庭",日本,日语,2016-04-14,117,527107,"37.0%,45.3%,16.2%,1.3%,0.3%"
2399,鲁本·弗雷斯彻,5.5,惊天魔盗团3,"杰西·艾森伯格,伍迪·哈里森,戴夫·弗兰科,艾拉·菲舍尔,裴淳华",2025,"剧情,动作,犯罪",美国,英语,2025-11-14,113,137067,"3.4%,12.4%,47.0%,29.9%,7.3%"
2400,李安,8.8,断背山,"希斯·莱杰,杰克·吉伦哈尔,米歇尔·威廉姆斯,安妮·海瑟薇,凯特·玛拉",2005,"剧情,爱情,同性,家庭","美国,加拿大",英语,2005-09-02,134,788624,"53.4%,35.6%,9.8%,0.8%,0.4%"
2401,张开宙,8.0,知否知否应是绿肥红瘦,"赵丽颖,冯绍峰,朱一龙,施诗,张佳宁",2018,"剧情,爱情,古装",中国大陆,汉语普通话,2018-12-25,65,715344,"31.7%,43.0%,20.0%,3.2%,2.0%"
2402,罗伯·莱纳,8.3,当哈利遇到莎莉,"比利·克里斯托,梅格·瑞恩,凯丽·费雪,布鲁诺·柯比,斯蒂芬·福特",1989,"剧情,喜剧,爱情",美国,英语,1989-07-21,96,164525,"34.3%,47.8%,16.5%,1.1%,0.2%"
2403,万籁鸣,9.4,大闹天宫,"邱岳峰,富润生,毕克,尚华,于鼎",1961,"剧情,动画,奇幻,古装",中国大陆,汉语普通话,,113,512957,"75.0%,20.6%,3.9%,0.3%,0.2%"
2404,周星驰,7.3,长江七号,"周星驰,徐娇,张雨绮,林子聪,冯勉恒",2008,"喜剧,科幻","中国大陆,中国香港","英语,汉语普通话,粤语",2008-01-30,86,561412,"18.7%,36.3%,37.8%,6.2%,1.0%"
2405,"布拉德·伯德,简·皮克瓦",8.6,美食总动员,"帕顿·奥斯瓦尔特,伊安·霍姆,卢·罗曼诺,布莱恩·丹内利,彼得·孙",2007,"喜剧,动画,奇幻",美国,"英语,法语",2007-10-19,111,453756,"44.0%,43.9%,11.4%,0.5%,0.1%"
2406,饶晓志,8.0,无名之辈,"陈建斌,任素汐,潘斌龙,章宇,王砚辉",2018,"剧情,喜剧",中国大陆,"汉语普通话,贵州方言",2018-11-16,108,1094764,"28.4%,47.6%,20.7%,2.7%,0.5%"
2407,阿尔弗雷德·希区柯克,8.1,夺魂索,"约翰·道尔,法利·格兰杰,詹姆斯·斯图尔特,伊迪丝·埃文森,道格拉斯·迪克",1948,"悬疑,惊悚,犯罪",美国,英语,1948-08-28,80,80178,"27.4%,51.7%,19.2%,1.3%,0.3%"
2408,理查德·林克莱特,8.8,爱在午夜降临前,"伊桑·霍克,朱莉·德尔佩,肖姆斯·戴维-菲茨帕特里克,詹妮弗·普里尔,夏洛特·普里尔",2013,"剧情,爱情","美国,希腊","英语,希腊语,法语",2013-06-14,109,480379,"54.5%,35.0%,9.3%,0.9%,0.3%"
2409,张艺谋,8.8,大红灯笼高高挂,"巩俐,马精武,何赛飞,曹翠芬,周琦",1991,剧情,"中国大陆,中国香港,中国台湾",汉语普通话,1991-09-10,125,380100,"50.7%,41.2%,7.5%,0.5%,0.2%"
2410,姜宝承,8.6,模范出租车3,"李帝勋,表艺珍,金义城,张赫镇,裴侑蓝",2025,"剧情,动作,悬疑,犯罪",韩国,韩语,2025-11-21,43,34996,"47.6%,37.0%,13.2%,1.7%,0.5%"
2411,"翁子光,区焯文",7.6,爸爸,"刘青云,谷祖琳,苏文涛,熊诺颐,杨伟伦",2024,剧情,中国香港,"粤语,客家话",2026-06-27,131,4812,"21.9%,46.1%,25.6%,4.8%,1.6%"
2412,韩延,8.0,我们一起摇太阳,"彭昱畅,李庚希,徐帆,高亚麟,刘丹",2024,"剧情,爱情,家庭","中国大陆,中国香港",汉语普通话,2024-02-10,129,294623,"27.8%,48.6%,20.8%,2.2%,0.6%"
2413,丹尼斯·维伦纽瓦,8.1,沙丘2,"提莫西·查拉梅,赞达亚,丽贝卡·弗格森,哈维尔·巴登,乔什·布洛林",2024,"剧情,动作,科幻,冒险","美国,加拿大",英语,2024-03-08,166,550429,"33.7%,43.5%,19.2%,2.8%,0.7%"
2414,"刘伟强,麦兆辉",8.8,无间道2,"陈冠希,余文乐,曾志伟,黄秋生,吴镇宇",2003,"剧情,惊悚,犯罪",中国香港,"粤语,英语,汉语普通话,泰语",2003-10-17,119,574172,"50.1%,39.6%,9.6%,0.6%,0.1%"
2415,刘伟强,6.6,中国机长,"张涵予,欧豪,杜江,袁泉,张天爱",2019,"剧情,传记,灾难",中国大陆,"汉语普通话,藏语,英语,四川话",2019-09-30,111,776252,"9.4%,29.3%,44.8%,13.6%,2.9%"
2416,是枝裕和,8.7,小偷家族,"中川雅也,安藤樱,松冈茉优,城桧吏,佐佐木美结",2018,"剧情,家庭,犯罪",日本,日语,2018-08-03,117,901653,"45.0%,44.7%,9.4%,0.7%,0.2%"
2417,秦榛,6.7,白日提灯,"迪丽热巴,陈飞宇,魏哲鸣,张俪,高鹤元",2026,剧情,中国大陆,汉语普通话,2026-03-28,92,105304,"23.2%,20.9%,31.1%,16.8%,8.0%"
2418,龙飞,8.0,走走停停,"胡歌,高圆圆,岳红,周野芒,金靖",2024,"剧情,喜剧,家庭",中国大陆,"汉语普通话,四川话",2024-06-08,103,378410,"26.2%,50.3%,21.0%,2.1%,0.4%"
2419,冯小刚,7.7,芳华,"黄轩,苗苗,钟楚曦,杨采钰,李晓峰",2017,"剧情,历史,战争",中国大陆,汉语普通话,2017-12-15,136,868797,"21.6%,45.6%,27.9%,3.9%,1.0%"
2420,孔笙,6.9,得闲谨制,"肖战,彭昱畅,周依然,杨新鸣,阿如那",2025,"剧情,战争",中国大陆,"汉语普通话,南京方言,日语",2025-12-06,121,325152,"20.5%,30.7%,31.2%,9.8%,7.7%"
2421,米林宏昌,8.9,借东西的小人阿莉埃蒂,"志田未来,神木隆之介,树木希林,三浦友和,大竹忍",2010,"动画,奇幻,冒险",日本,日语,2010-07-17,94,632804,"54.4%,37.3%,7.9%,0.4%,0.1%"
2422,"丹尼·博伊尔,洛芙琳·坦丹",8.6,贫民窟的百万富翁,"戴夫·帕特尔,沙鲁巴·舒克拉,亚尼·卡普尔,拉詹德拉纳斯·祖特施,吉尼瓦·塔瓦尔",2008,"剧情,爱情",英国,"英语,印地语,法语,德语",2009-03-26,120,811546,"42.9%,44.7%,11.5%,0.7%,0.2%"
2423,"大卫·格罗斯曼,刘玉玲,马克·韦布,大卫·沃伦,伊丽莎白·艾伦,瓦莱丽·韦斯,道恩·威尔金森",9.4,致命女人 第一季,"刘玉玲,金妮弗·古德温,柯尔比·豪威尔-巴普蒂斯特,杰克·达文波特,山姆·贾格",2019,"剧情,喜剧,犯罪",美国,英语,2019-07-21,78,663619,"73.8%,22.7%,3.2%,0.2%,0.1%"
2424,滕丛丛,8.9,我的阿勒泰,"马伊琍,周依然,于适,蒋奇明,闫佩伦",2024,剧情,中国大陆,"汉语普通话,哈萨克语",2024-05-07,33,376945,"59.3%,31.2%,7.7%,1.2%,0.6%"
2425,乔斯·韦登,7.5,复仇者联盟2：奥创纪元,"小罗伯特·唐尼,克里斯·埃文斯,克里斯·海姆斯沃斯,马克·鲁法洛,斯嘉丽·约翰逊",2015,"动作,科幻,奇幻,冒险",美国,"英语,韩语",2015-05-12,142,540340,"20.4%,42.0%,32.7%,4.1%,0.9%"
2426,鲁本·弗雷斯彻,7.2,毒液：致命守护者,"汤姆·哈迪,米歇尔·威廉姆斯,里兹·阿迈德,斯科特·黑兹,瑞德·斯科特",2018,"动作,科幻,惊悚","美国,中国大陆","英语,汉语普通话",2018-11-09,112,887486,"11.8%,42.0%,40.3%,5.2%,0.7%"
2427,丹尼斯·维伦纽瓦,8.3,银翼杀手2049,"瑞恩·高斯林,哈里森·福特,安娜·德·阿玛斯,西尔维娅·侯克斯,罗宾·怀特",2017,"剧情,动作,科幻,悬疑,惊悚","美国,英国,加拿大,西班牙","英语,芬兰语,日语,匈牙利语,俄语,西班牙语",2017-10-27,163,581657,"38.5%,42.7%,16.0%,2.1%,0.6%"
2428,陈茂贤,8.3,破·地狱,"黄子华,许冠文,卫诗雅,朱栢康,周家怡",2024,"剧情,家庭",中国香港,粤语,2024-12-14,126,411434,"39.5%,41.9%,15.9%,2.1%,0.7%"
2429,"邹曦,马小刚,卫立洲",8.2,终极笔记,"曾舜晞,肖宇梁,哈妮克孜,刘宇宁,范明",2020,"剧情,奇幻,冒险",中国大陆,汉语普通话,2020-12-10,41,319531,"36.6%,41.3%,16.8%,3.9%,1.5%"
2430,"塔尔·贝拉,阿尼亚斯·赫拉尼茨基",8.4,都灵之马,"亚诺什·德尔日,艾丽卡·博克,米哈伊·科莫斯,米罗斯拉夫·克罗博特,瑞希",2011,剧情,"匈牙利,法国,瑞士,德国,美国","匈牙利语,德语",2011-02-15,155,36666,"42.5%,39.6%,14.1%,2.4%,1.4%"
